user_number,problem_hash,prompt,genre,mood/emotion,instrumentation,timbre,function,music theory,story/narrative/lyrics,age,gender,english_proficiency,english_native,native_language,years_music_making,years_formal_instruc,hours_per_week_music,ai_text_tools_usage,ai_music_tools_used,ai_music_tools_freq
1,f5e3d294-de4a-4be3-9,"super intense, this is the ending of a video game where you just finished the final goal before you do the hardest task yet, everything is on the line and youre filled with so much adrelining, the score in the background gets more intense the more you listen",,super intense|filled with so much adrenaline,,,ending of a video game,score gets more intense the more you listen,finished the final goal before the hardest task|everything is on the line,18 - 24,Woman / Female,Extremely Proficient (Native or Bilingual),Yes,English,0,0,0,Weekly or few times per month,No,
1,ee0aa1b5-2bb6-4770-a,this is very much 30 year old dads who dont know if they want to be dads or not are like gong through a crisis and join together with all the other men who dont know what theyre doing,,crisis|uncertainty,,,,,30 year old dads|men who dont know what theyre doing,18 - 24,Woman / Female,Extremely Proficient (Native or Bilingual),Yes,English,0,0,0,Weekly or few times per month,No,
1,e89bff81-fa30-4d94-8,"very happy jazz, reminds me of the beginning of a modern christmas music where its panning to some ballroom over the main couple bantering with eachother",jazz,very happy,,,,,beginning of a modern christmas music|ballroom|main couple bantering with each other,18 - 24,Woman / Female,Extremely Proficient (Native or Bilingual),Yes,English,0,0,0,Weekly or few times per month,No,
1,e7de29c9-e9dd-4a06-a,laying down in the middle of the woods somewhere pondering what life is about through ambient music and i guess a dude talking in the back,ambient,pondering,a dude talking,,,,laying down in the middle of the woods|pondering what life is about,18 - 24,Woman / Female,Extremely Proficient (Native or Bilingual),Yes,English,0,0,0,Weekly or few times per month,No,
1,e0aea9d2-f3fe-4e97-a,"convertable with the music blaring super loud, something that old school kids back in the day would listen to",,,,blaring super loud,,,something that old school kids back in the day would listen to,18 - 24,Woman / Female,Extremely Proficient (Native or Bilingual),Yes,English,0,0,0,Weekly or few times per month,No,
1,d2cf4cdf-f303-4ef9-9,rock/heavy metal and a lot of screaming and loud music.,rock|heavy metal,,,screaming|loud,,,,18 - 24,Woman / Female,Extremely Proficient (Native or Bilingual),Yes,English,0,0,0,Weekly or few times per month,No,
1,d2bec18a-bac3-48cb-b,"super groovey and funky, you can totally jiggy with this wearing a kind of disco suit. reminds me of rollar skates too",funky|disco,super groovey,,,dance,,,18 - 24,Woman / Female,Extremely Proficient (Native or Bilingual),Yes,English,0,0,0,Weekly or few times per month,No,
1,c21d9593-e7e4-41fe-b,"more rock, except this time is feels almost reptillion? I cant really explain it other than the fac that this feels like a lizard has taken the form of a human body and is doing this",rock,,,reptilian,,,a lizard has taken the form of a human body and is doing this,18 - 24,Woman / Female,Extremely Proficient (Native or Bilingual),Yes,English,0,0,0,Weekly or few times per month,No,
1,a5ac307b-e75d-47b1-9,"this is rave music, theres such a disticint visual of someone shaking their head back and forth and sticking their tounge out in the process",rave,,,,,,someone shaking their head back and forth and sticking their tongue out,18 - 24,Woman / Female,Extremely Proficient (Native or Bilingual),Yes,English,0,0,0,Weekly or few times per month,No,
1,9a4d75e7-de00-4931-9,"walking down the street on a sunny day near the public sports facilities like basketball, children nearby are sipping lemondade and are eating popsicles",,,,,,,walking down the street on a sunny day|near the public sports facilities|basketball|children nearby|sipping lemonade|eating popsicles,18 - 24,Woman / Female,Extremely Proficient (Native or Bilingual),Yes,English,0,0,0,Weekly or few times per month,No,
1,91f9b933-c02b-47df-9,"this has a lot of autotune in it to where it almost doesnt sound like a girl singing and more ai generated, and they eneunicate the end of their words a lot",,,,a lot of autotune|almost doesnt sound like a girl singing|more ai generated,,,they enunciate the end of their words a lot,18 - 24,Woman / Female,Extremely Proficient (Native or Bilingual),Yes,English,0,0,0,Weekly or few times per month,No,
1,86b81fdf-9b70-4200-a,this is giving very much theme song to a coming of age tv show or movie where someone is trying to find their place in the world,,,,,theme song,,coming of age|someone trying to find their place in the world,18 - 24,Woman / Female,Extremely Proficient (Native or Bilingual),Yes,English,0,0,0,Weekly or few times per month,No,
1,858415cc-1335-476e-a,mario kart. that is all. this is a mario kart theme song,,,,,mario kart theme song,,mario kart,18 - 24,Woman / Female,Extremely Proficient (Native or Bilingual),Yes,English,0,0,0,Weekly or few times per month,No,
1,7e425ed4-399b-4c72-a,walking in the rain expect your head is looking kind of a bit more up than down,,,,,,,walking in the rain|head looking kind of a bit more up than down,18 - 24,Woman / Female,Extremely Proficient (Native or Bilingual),Yes,English,0,0,0,Weekly or few times per month,No,
1,65239b62-1cec-4b3a-9,"soulless rap, youre not listening to it to get anything from the world but to just have a nice sound in your ear, the voice is monotone enough to where youre not paying too much attention to it so you can listen to someone elses conversation",rap,,,monotone,background,,,18 - 24,Woman / Female,Extremely Proficient (Native or Bilingual),Yes,English,0,0,0,Weekly or few times per month,No,
1,652ed6ff-5366-4dea-9,"this is specially in a river. not the forest ground or the ocean but a cold river, youre staring off into the abyss watching the water flow as youre contemplating everything. Very etheral vibe to it",,ethereal|contemplating,,,,,specially in a river|not the forest ground or the ocean|staring off into the abyss|watching the water flow,18 - 24,Woman / Female,Extremely Proficient (Native or Bilingual),Yes,English,0,0,0,Weekly or few times per month,No,
1,0825d51f-0845-4009-a,"walking down by yourself in the city of newyork in the rain, where you feel like the main character, but no one is actually paying attention to you",,,,,,,walking down by yourself in the city of newyork in the rain|you feel like the main character|no one is actually paying attention to you,18 - 24,Woman / Female,Extremely Proficient (Native or Bilingual),Yes,English,0,0,0,Weekly or few times per month,No,
1,0cd8226a-a270-4165-a,"country, the definition of sitting on a truck, cracking open a beer, and talking about how much you hate your wife. very distinct american accent in the song",country,hate,,very distinct american accent,,,sitting on a truck|cracking open a beer|talking about how much you hate your wife,18 - 24,Woman / Female,Extremely Proficient (Native or Bilingual),Yes,English,0,0,0,Weekly or few times per month,No,
1,1c339881-c51b-4318-a,anime music that would be in the theme song thats super catchy and everyone bobs their head too,anime music,super catchy,,,,,,18 - 24,Woman / Female,Extremely Proficient (Native or Bilingual),Yes,English,0,0,0,Weekly or few times per month,No,
1,1fcc61c5-7033-469e-9,"walkout music, like big biker intimidating gang is just showoing on stage for the first time so you play music in the background to know that theyre legit",,intimidating,,,walkout music|background,,big biker intimidating gang|just showing on stage for the first time|to know that theyre legit,18 - 24,Woman / Female,Extremely Proficient (Native or Bilingual),Yes,English,0,0,0,Weekly or few times per month,No,
2,fb21d861-9397-4126-8,This the musical score that plays when the main character is about to run a world record time at the olympics. The guitar is meant to represent their nerves before racing,,nerves,guitar,,musical score,,main character|about to run a world record time at the olympics,18 - 24,Woman / Female,Extremely Proficient (Native or Bilingual),Yes,English,3,0,0,Monthly or less,No,
2,246bf3fe-a489-4545-a,"This is the definition of girl group k-pop. I don't listen to enough K-Pop to distinguish this from anything else, but it kind of sounds like the bridge in Touch by Katseye",girl group k-pop|k-pop,,,,,,,18 - 24,Woman / Female,Extremely Proficient (Native or Bilingual),Yes,English,3,0,0,Monthly or less,No,
2,84deb4de-d0fb-4e1d-a,1920s jazz club. Slow and rhythmic. All it needs is a Louis Armstrong vocal overtop and you have a 1920s HIT,1920s jazz,,vocal,,club,slow|rhythmic,louis armstrong vocal,18 - 24,Woman / Female,Extremely Proficient (Native or Bilingual),Yes,English,3,0,0,Monthly or less,No,
2,e66caf62-70ce-418a-8,"This is a J Cole song, and you can't convince me otherwise.",,,,,,,,18 - 24,Woman / Female,Extremely Proficient (Native or Bilingual),Yes,English,3,0,0,Monthly or less,No,
2,d2c86c3d-07fc-4390-8,The vibes are dreamy bedroom pop. I would listen to this while laying on grass and staring up at either a night sky or a slightly cloudy sunset,bedroom pop,dreamy,,,listening while laying on grass and staring at sky,,,18 - 24,Woman / Female,Extremely Proficient (Native or Bilingual),Yes,English,3,0,0,Monthly or less,No,
2,a817156f-977c-4a72-8,Slow progressive instrumental track that you would see behind an anticipatory moment in a movie. A character has to make a serious decision then the beat drops when they get their consequences,progressive,anticipatory|serious,,,cinematic,slow|instrumental|beat drops,a character has to make a serious decision|they get their consequences,18 - 24,Woman / Female,Extremely Proficient (Native or Bilingual),Yes,English,3,0,0,Monthly or less,No,
2,9a496feb-6a67-4f22-a,Very generic grunge rock from the late 80s early 90s. This is something my mom would listen to with her windows down and banging her head,grunge rock,,,,banging her head,,late 80s early 90s,18 - 24,Woman / Female,Extremely Proficient (Native or Bilingual),Yes,English,3,0,0,Monthly or less,No,
2,9a12553b-7ae1-4e35-9,"This has the vibes of 80s pop, but this song isn't something someone would unironically write. It has the tune of something that would play in a comedic video game commercial",80s pop,,,,comedic video game commercial,,,18 - 24,Woman / Female,Extremely Proficient (Native or Bilingual),Yes,English,3,0,0,Monthly or less,No,
2,94894312-0261-4956-8,"Sounds like a generic JZ or Tupac song. Honestly don't know what that genre is called, but the beats match the lowkey rap.",rap,lowkey,,,,beats,,18 - 24,Woman / Female,Extremely Proficient (Native or Bilingual),Yes,English,3,0,0,Monthly or less,No,
2,82297794-bd7d-4718-9,Scientific Instrumental. Reminds me of the movie score in Oppenheimer or literally any by Hans Zimmer. I would definitely listen to this while studying to inspire myself,,,,,studying|inspire myself|movie score,,oppenheimer|hans zimmer,18 - 24,Woman / Female,Extremely Proficient (Native or Bilingual),Yes,English,3,0,0,Monthly or less,No,
2,7a83cea8-c6f4-4944-8,Solo pop song with a female artist. Sound very AI and unoriginal. Seems along the strain of todays K-Pop except it isn't K-Pop,pop|k-pop,,female artist,ai|unoriginal,,,,18 - 24,Woman / Female,Extremely Proficient (Native or Bilingual),Yes,English,3,0,0,Monthly or less,No,
2,5583d3b7-8692-4c18-8,"This is a Disney Movie number, but it is specifically a Disney Movie number from the 90s or earlier when Disney was in its prime for music. Think Tarzan and Mulan sound tracks",,,,,disney movie number,,tarzan sound track|mulan sound track|disney movie number from the 90s or earlier,18 - 24,Woman / Female,Extremely Proficient (Native or Bilingual),Yes,English,3,0,0,Monthly or less,No,
2,566f7399-846c-4579-a,Great older RnB song. Would listen to in a jazz club if there was more trumpet. Piano running in the background,rnb|jazz,,trumpet|piano,,jazz club,,,18 - 24,Woman / Female,Extremely Proficient (Native or Bilingual),Yes,English,3,0,0,Monthly or less,No,
2,5d465d7f-d93d-47f3-9,"Classical ,elegant piano music. I can only imagine this is the style of music that piano composers wish to replicate",classical,elegant,piano,,,,,18 - 24,Woman / Female,Extremely Proficient (Native or Bilingual),Yes,English,3,0,0,Monthly or less,No,
2,754e03f6-9cc8-4deb-b,"Giving slow love songs like the ones by Frankie Vallie and other artists in those veins. Also giving 60s beach boy vibes, so if I had to put it anywhere in time it would be then",,slow love songs,,,,,60s beach boy vibes,18 - 24,Woman / Female,Extremely Proficient (Native or Bilingual),Yes,English,3,0,0,Monthly or less,No,
2,2c080e35-5332-4784-a,Slow almost opera song. Would hear it in a very emotional music number where the main character just got her heartbroken,opera,slow|emotional,,,music number,slow,main character just got her heartbroken,18 - 24,Woman / Female,Extremely Proficient (Native or Bilingual),Yes,English,3,0,0,Monthly or less,No,
2,346756fd-269e-4421-8,"Alternative grunge rock? I honestly have no idea, but the vocals and the beginning give me pop vibes, but the guitar and rhythm give me rock vibes, but it isn't pop rock",alternative grunge rock|pop|rock,,vocals|guitar,,,rhythm,,18 - 24,Woman / Female,Extremely Proficient (Native or Bilingual),Yes,English,3,0,0,Monthly or less,No,
2,3c41851f-03a5-464c-9,80s pop song. You would definitely hear this in a mall or at like a Zoomba class. Would definitely get me into the mood to exercise.,80s pop,,,,mall|zoomba class|exercise,,,18 - 24,Woman / Female,Extremely Proficient (Native or Bilingual),Yes,English,3,0,0,Monthly or less,No,
2,4ce5fcbf-3111-4a0d-b,Digital and Techno. This would be playing at any number of clubs in Europe,digital|techno,,,,clubs in europe,,,18 - 24,Woman / Female,Extremely Proficient (Native or Bilingual),Yes,English,3,0,0,Monthly or less,No,
2,12c3b33c-37c3-42e9-b,"Don't know the name of this genre. Other people it reminds me of would be like MF Doom but more inspirational and a little slower. Although, the autotune really takes away on this one",,inspirational,,autotune,,a little slower,,18 - 24,Woman / Female,Extremely Proficient (Native or Bilingual),Yes,English,3,0,0,Monthly or less,No,
3,d2a0689f-4bd9-496a-b,I don't know what that noise is called but its very upbeat and electric. There is a few woman saying words that are added to the soundtrack.,,upbeat,woman,electric,,,words that are added to the soundtrack,18 - 24,Woman / Female,Extremely Proficient (Native or Bilingual),Yes,english,0,0,0,Daily or multiple times per week,No,
3,c7af0ea9-f546-4f26-b,I hear electric guitar and drum and maybe like one of those triangle things. Then there is multiple males singing in another language together.,,,electric guitar|drum|triangle|multiple males singing,,,,singing in another language,18 - 24,Woman / Female,Extremely Proficient (Native or Bilingual),Yes,english,0,0,0,Daily or multiple times per week,No,
3,ae81034e-2b91-4d08-8,It sounds like music produced by an orchestra and is very dramatic. It's sung like opera I think?,opera,dramatic,orchestra,,,,,18 - 24,Woman / Female,Extremely Proficient (Native or Bilingual),Yes,english,0,0,0,Daily or multiple times per week,No,
3,97e26fe2-d45a-46b2-8,There is a woman singing in a whisper like voice and there is background beats and some added sound effects.,,,woman singing,whisper like voice,,,background beats|added sound effects,18 - 24,Woman / Female,Extremely Proficient (Native or Bilingual),Yes,english,0,0,0,Daily or multiple times per week,No,
3,8760d63e-0eab-4d6e-9,I hear acoustic guitar and drums. Maybe a tambourine or something? There is a main male singer and backup vocals and it sounds like a country song.,country,,acoustic guitar|drums|tambourine|male singer|backup vocals,,,,,18 - 24,Woman / Female,Extremely Proficient (Native or Bilingual),Yes,english,0,0,0,Daily or multiple times per week,No,
3,7e425ed4-399b-4c72-a,"I hear electric guitar, drums, bass, and some piano. There is a woman singing in a lower voice at the end but there is an instrumental build-up first.",,,electric guitar|drums|bass|piano|woman singing,,,instrumental build-up,,18 - 24,Woman / Female,Extremely Proficient (Native or Bilingual),Yes,english,0,0,0,Daily or multiple times per week,No,
3,55300023-5c40-490e-9,I hear like jazz music with a main female singing and male and female background vocals.,jazz,,main female singing|male background vocals|female background vocals,,,,,18 - 24,Woman / Female,Extremely Proficient (Native or Bilingual),Yes,english,0,0,0,Daily or multiple times per week,No,
3,58339466-2de5-4409-b,I hear beats like when someone uses one of those keyboard things to input sounds. A woman is singing over it and there is some backup vocals. She hits high notes.,,,keyboard|woman singing|backup vocals,,,high notes,,18 - 24,Woman / Female,Extremely Proficient (Native or Bilingual),Yes,english,0,0,0,Daily or multiple times per week,No,
3,63da007b-14c8-431d-a,There is a guy talk-screaming in another language. It seems like the punk music with electric guitar.,punk,,electric guitar|guy talk-screaming,,,,in another language,18 - 24,Woman / Female,Extremely Proficient (Native or Bilingual),Yes,english,0,0,0,Daily or multiple times per week,No,
3,6eec1cc9-81f9-40d3-9,Sounds like punk metal with electric guitar and drums. A guy is more screaming than singing.,punk metal,,electric guitar|drums|guy,screaming,,,,18 - 24,Woman / Female,Extremely Proficient (Native or Bilingual),Yes,english,0,0,0,Daily or multiple times per week,No,
3,7279ca60-c53e-4913-a,I hear different beats maybe by drums and guitar and like a trombone or something. There is a male singer and its upbeat it sounds like an older song.,,upbeat,drums|guitar|trombone|male singer,,,,older song,18 - 24,Woman / Female,Extremely Proficient (Native or Bilingual),Yes,english,0,0,0,Daily or multiple times per week,No,
3,291b2f9c-c41b-4ab8-9,"I hear acoustic guitar, maybe some sort of trombone or something in it (i don't know the differences between those kinds of instruments). It sounds country.",country,,acoustic guitar|trombone,,,,,18 - 24,Woman / Female,Extremely Proficient (Native or Bilingual),Yes,english,0,0,0,Daily or multiple times per week,No,
3,2b52b4c3-c6fb-47b5-b,There is upbeat beats and a woman singing in a high pitch tone with background vocals. At some points it sounds like her voice gets distorted.,,upbeat,woman singing|background vocals,high pitch|distorted,,beats,,18 - 24,Woman / Female,Extremely Proficient (Native or Bilingual),Yes,english,0,0,0,Daily or multiple times per week,No,
3,3f9b3ba7-7b13-4d04-8,"I hear multiple vocals mainly male, I think? And violin is playing and it sounds like a musical song.",,,multiple vocals|male vocals|violin,,musical song,,,18 - 24,Woman / Female,Extremely Proficient (Native or Bilingual),Yes,english,0,0,0,Daily or multiple times per week,No,
3,43d604bc-f7ba-45f9-a,I hear guitar music and it's a guy and girl country duet that has guy background vocals.,country,,guitar|guy vocals|girl vocals|guy background vocals,,,,,18 - 24,Woman / Female,Extremely Proficient (Native or Bilingual),Yes,english,0,0,0,Daily or multiple times per week,No,
3,45aa2509-8554-4bf3-8,I hear electric guitar and drums. A guy is like screaming but not that hard and it sounds like punk but not the hard metal kind where they just scream.,punk,,electric guitar|drums|male vocalist,screaming but not that hard,,,,18 - 24,Woman / Female,Extremely Proficient (Native or Bilingual),Yes,english,0,0,0,Daily or multiple times per week,No,
3,4edf7524-0d23-48f2-9,"This song has drums, guitar, and bass. The lyrics are really weird, but it sounds like a rock song sung by a man with like an echoey back up.",rock,,drums|guitar|bass|man|back up,echoey,,,weird lyrics,18 - 24,Woman / Female,Extremely Proficient (Native or Bilingual),Yes,english,0,0,0,Daily or multiple times per week,No,
3,1c339881-c51b-4318-a,Electric music in a different language sang by multiple women. The tone is high pitched.,electric,,multiple women,high pitched,,,different language,18 - 24,Woman / Female,Extremely Proficient (Native or Bilingual),Yes,english,0,0,0,Daily or multiple times per week,No,
3,1fce4fac-fe02-42f3-9,I hear jazz music with a saxophone or something in it and some background beats.,jazz,,saxophone|background beats,,,,,18 - 24,Woman / Female,Extremely Proficient (Native or Bilingual),Yes,english,0,0,0,Daily or multiple times per week,No,
3,25e7176b-dcd9-4b4b-8,I hear different beats and guitar. There are multiple women singing and it's not calm but not upbeat.,,not calm but not upbeat,guitar|multiple women singing,,,different beats,,18 - 24,Woman / Female,Extremely Proficient (Native or Bilingual),Yes,english,0,0,0,Daily or multiple times per week,No,
4,ee070cac-0af1-4d86-9,woman singing with guitars in the background. country kinda .,country,,woman singing|guitars,,,,,18 - 24,Prefer not to answer,Extremely Proficient (Native or Bilingual),Yes,Anglais,0,2,0,I have no knowledge of these tools or never used them before,No,
4,d2c86c3d-07fc-4390-8,"slow paced techno vibes, definitely uses a mixer, cool guy singing",techno,cool,mixer|singing,,,slow paced,,18 - 24,Prefer not to answer,Extremely Proficient (Native or Bilingual),Yes,Anglais,0,2,0,I have no knowledge of these tools or never used them before,No,
4,bed541d5-46b8-4faa-b,"middle aged guy, seems like slow paced soul music. nice to the ears.",soul,nice to the ears,,,,slow paced,middle aged guy,18 - 24,Prefer not to answer,Extremely Proficient (Native or Bilingual),Yes,Anglais,0,2,0,I have no knowledge of these tools or never used them before,No,
4,bec6e67b-3c7f-4554-9,"not english, fast paced, lots of instruments involved . .",,,,,,fast paced,not english,18 - 24,Prefer not to answer,Extremely Proficient (Native or Bilingual),Yes,Anglais,0,2,0,I have no knowledge of these tools or never used them before,No,
4,9a30a0c9-b192-4113-b,"country, slow paced, guitar involved, rustic in a sense .",country,,guitar,rustic,,slow paced,,18 - 24,Prefer not to answer,Extremely Proficient (Native or Bilingual),Yes,Anglais,0,2,0,I have no knowledge of these tools or never used them before,No,
4,957d1ef7-7bd1-4d9a-a,"good laid back rhythm. young ladies singing, kinda like soul music",soul,laid back,young ladies singing,,,rhythm,,18 - 24,Prefer not to answer,Extremely Proficient (Native or Bilingual),Yes,Anglais,0,2,0,I have no knowledge of these tools or never used them before,No,
4,92374983-b2b0-41a7-b,"1970s flavored, woman and man singing alternate of one another.",1970s flavored,,woman singing|man singing,,,,,18 - 24,Prefer not to answer,Extremely Proficient (Native or Bilingual),Yes,Anglais,0,2,0,I have no knowledge of these tools or never used them before,No,
4,86b81fdf-9b70-4200-a,"not english. middle aged guy singing, good tune, good rhythm. j'ai pensé pour un second c'était francais, mais c'est pas",,good tune|good rhythm,middle aged guy singing,,,good rhythm,not english|thought it was french but it is not,18 - 24,Prefer not to answer,Extremely Proficient (Native or Bilingual),Yes,Anglais,0,2,0,I have no knowledge of these tools or never used them before,No,
4,8399844f-3c3d-44c7-b,"HARD ROCK. i absolutely do not like this junk lol. punk rock stuff, can hardly understand it",hard rock|punk rock,,,,,,,18 - 24,Prefer not to answer,Extremely Proficient (Native or Bilingual),Yes,Anglais,0,2,0,I have no knowledge of these tools or never used them before,No,
4,814b22e6-1017-444c-b,"retro theme music, a bit of guitar, two guys singing, has a nice ring to it",retro,nice,guitar|two guys singing,,,,,18 - 24,Prefer not to answer,Extremely Proficient (Native or Bilingual),Yes,Anglais,0,2,0,I have no knowledge of these tools or never used them before,No,
4,72dda986-55c6-450e-8,"slow beat, melodic, no singing, guitars playing atop one another.",,,guitars,,,slow beat|melodic,,18 - 24,Prefer not to answer,Extremely Proficient (Native or Bilingual),Yes,Anglais,0,2,0,I have no knowledge of these tools or never used them before,No,
4,754c7a3c-64af-4a19-8,a good rhythm. some sort of artificial music (maybe techno)? cool techno voice,techno,cool,,artificial|techno voice,,good rhythm,,18 - 24,Prefer not to answer,Extremely Proficient (Native or Bilingual),Yes,Anglais,0,2,0,I have no knowledge of these tools or never used them before,No,
4,754e03f6-9cc8-4deb-b,slower paced. multiple voices singing at the same time. a male lead singer. guitar involved.,,,multiple voices|male lead singer|guitar,,,slower paced,,18 - 24,Prefer not to answer,Extremely Proficient (Native or Bilingual),Yes,Anglais,0,2,0,I have no knowledge of these tools or never used them before,No,
4,2c080e35-5332-4784-a,"lady singing, piano playing, high and low pitch, just depending",,,lady singing|piano playing,,,high and low pitch,,18 - 24,Prefer not to answer,Extremely Proficient (Native or Bilingual),Yes,Anglais,0,2,0,I have no knowledge of these tools or never used them before,No,
4,04a39cf5-a7c3-4d9b-8,"up beat a little. black guy singing with a raspy voice, talking about quail eggs? history embedded",,up beat,black guy singing,raspy,,,talking about quail eggs|history embedded,18 - 24,Prefer not to answer,Extremely Proficient (Native or Bilingual),Yes,Anglais,0,2,0,I have no knowledge of these tools or never used them before,No,
4,0cd8226a-a270-4165-a,"country music. guitar, drums, good rhythm. good good music . .",country,,guitar|drums,,,good rhythm,,18 - 24,Prefer not to answer,Extremely Proficient (Native or Bilingual),Yes,Anglais,0,2,0,I have no knowledge of these tools or never used them before,No,
4,0d11dd6d-73de-4101-a,"rock and roll. screaming while singing. can easily understand their words, tough to listen to",rock and roll,,,screaming,,,,18 - 24,Prefer not to answer,Extremely Proficient (Native or Bilingual),Yes,Anglais,0,2,0,I have no knowledge of these tools or never used them before,No,
4,0f2e29c0-780e-45ae-b,"rap style music. continued beat drops in the song, young guy talking about his life.",rap,,,,,continued beat drops,young guy talking about his life,18 - 24,Prefer not to answer,Extremely Proficient (Native or Bilingual),Yes,Anglais,0,2,0,I have no knowledge of these tools or never used them before,No,
4,115645aa-6751-4e25-8,"techno themed, woman singing about a jacket, fast paced, . .",techno,,woman singing,,,fast paced,singing about a jacket,18 - 24,Prefer not to answer,Extremely Proficient (Native or Bilingual),Yes,Anglais,0,2,0,I have no knowledge of these tools or never used them before,No,
4,22c95ed0-8f48-4e40-a,"woman singing, light voice, gives billie eilish vibes . .",,,woman singing,light voice,,,,18 - 24,Prefer not to answer,Extremely Proficient (Native or Bilingual),Yes,Anglais,0,2,0,I have no knowledge of these tools or never used them before,No,
5,d8545371-3d1e-4271-8,This music can be described as slow yet upbeat but it also has a nice vibe to it.,,upbeat|nice vibe,,,,slow,,18 - 24,Woman / Female,Extremely Proficient (Native or Bilingual),No,Marathi,13,13,0,Daily or multiple times per week,No,
5,8b332c1e-f10e-4afc-a,This music can be described as slow yet has upbeat vibes.,,upbeat vibes,,,,slow,,18 - 24,Woman / Female,Extremely Proficient (Native or Bilingual),No,Marathi,13,13,0,Daily or multiple times per week,No,
5,ee0aa1b5-2bb6-4770-a,This music can be described as it has a very rock feeling to it as it begins.,rock,,,,,,,18 - 24,Woman / Female,Extremely Proficient (Native or Bilingual),No,Marathi,13,13,0,Daily or multiple times per week,No,
5,c21d9593-e7e4-41fe-b,This music is very strong and has some sort of rock component that is very interesting.,rock,very strong,,,,,,18 - 24,Woman / Female,Extremely Proficient (Native or Bilingual),No,Marathi,13,13,0,Daily or multiple times per week,No,
5,ae86cd19-fca5-4ad7-b,This music can be described as upbeat and it has a fast feeling.,,upbeat,,,,fast feeling,,18 - 24,Woman / Female,Extremely Proficient (Native or Bilingual),No,Marathi,13,13,0,Daily or multiple times per week,No,
5,a817156f-977c-4a72-8,This music can be described as slow and very melancholic.,,melancholic,,,,slow,,18 - 24,Woman / Female,Extremely Proficient (Native or Bilingual),No,Marathi,13,13,0,Daily or multiple times per week,No,
5,9a496feb-6a67-4f22-a,This music can be described as having a deep and heavy feeling.,,deep|heavy feeling,,,,,,18 - 24,Woman / Female,Extremely Proficient (Native or Bilingual),No,Marathi,13,13,0,Daily or multiple times per week,No,
5,959ae3b5-07a9-464c-8,This music can be described as it has a slow pace and different tone.,,,,different tone,,slow pace,,18 - 24,Woman / Female,Extremely Proficient (Native or Bilingual),No,Marathi,13,13,0,Daily or multiple times per week,No,
5,7606dd90-1f55-4f82-8,This music can also be described as heavy and sort of fast.,,heavy,,,,fast,,18 - 24,Woman / Female,Extremely Proficient (Native or Bilingual),No,Marathi,13,13,0,Daily or multiple times per week,No,
5,4fdeb871-5590-435c-8,This music can be described as something that is dramatic.,,dramatic,,,,,,18 - 24,Woman / Female,Extremely Proficient (Native or Bilingual),No,Marathi,13,13,0,Daily or multiple times per week,No,
5,53d73137-83c6-4e4f-a,This music can be described as slow and very paced.,,,,,,slow|very paced,,18 - 24,Woman / Female,Extremely Proficient (Native or Bilingual),No,Marathi,13,13,0,Daily or multiple times per week,No,
5,65239b62-1cec-4b3a-9,This music has a jazzy feeling that is very interesting yet it is slow.,jazzy,interesting,,,,slow,,18 - 24,Woman / Female,Extremely Proficient (Native or Bilingual),No,Marathi,13,13,0,Daily or multiple times per week,No,
5,7536c885-e926-4f7e-b,I love how this music is very upbeat and it is also in a foreign language.,,upbeat,,,,,foreign language,18 - 24,Woman / Female,Extremely Proficient (Native or Bilingual),No,Marathi,13,13,0,Daily or multiple times per week,No,
5,2ec2f5f9-407c-41ea-a,This music can be described as upbeat and has a nice vibe.,,upbeat|nice vibe,,,,,,18 - 24,Woman / Female,Extremely Proficient (Native or Bilingual),No,Marathi,13,13,0,Daily or multiple times per week,No,
5,32eeb9c6-e9d0-4ff1-8,This music can be described as very upbeat and has a country tune.,country,very upbeat,,,,,,18 - 24,Woman / Female,Extremely Proficient (Native or Bilingual),No,Marathi,13,13,0,Daily or multiple times per week,No,
5,43eef8c0-03fb-483c-8,This music has an extremely melancholic and super dramatic feeling.,,extremely melancholic|super dramatic,,,,,,18 - 24,Woman / Female,Extremely Proficient (Native or Bilingual),No,Marathi,13,13,0,Daily or multiple times per week,No,
5,479be710-4ceb-4509-8,This music can be described as it is beginning with a grand entry.,,,,,,beginning with a grand entry,,18 - 24,Woman / Female,Extremely Proficient (Native or Bilingual),No,Marathi,13,13,0,Daily or multiple times per week,No,
5,4e5af4be-1277-4097-9,This music can be described as very upbeat and a funky feeling that is hyper.,funky,very upbeat|hyper,,,,,,18 - 24,Woman / Female,Extremely Proficient (Native or Bilingual),No,Marathi,13,13,0,Daily or multiple times per week,No,
5,04834f9a-eb2e-48b4-9,This music can be described as very slow and calm.,,calm,,,,very slow,,18 - 24,Woman / Female,Extremely Proficient (Native or Bilingual),No,Marathi,13,13,0,Daily or multiple times per week,No,
5,05c85698-35f9-4ca9-a,I love how this music has blues and jazz vibes. It makes you want to swing.,blues|jazz,makes you want to swing,,,,,,18 - 24,Woman / Female,Extremely Proficient (Native or Bilingual),No,Marathi,13,13,0,Daily or multiple times per week,No,
6,f5e3d294-de4a-4be3-9,This music can be described as dramatic and very classic.,,dramatic,,,,,,18 - 24,Woman / Female,Extremely Proficient (Native or Bilingual),No,marathi,13,13,0,Daily or multiple times per week,No,
6,e0aea9d2-f3fe-4e97-a,This music can be described as rock and it has a very upbeat tune.,rock,upbeat,,,,tune,,18 - 24,Woman / Female,Extremely Proficient (Native or Bilingual),No,marathi,13,13,0,Daily or multiple times per week,No,
6,bc7c0d0b-71ae-4afe-8,This music can be described as slow but it has a jazz tune.,jazz,,,,,slow,,18 - 24,Woman / Female,Extremely Proficient (Native or Bilingual),No,marathi,13,13,0,Daily or multiple times per week,No,
6,b1c7f9c0-da77-440b-8,This music can be described as rock and it also a very upbeat tune.,rock,upbeat,,,,,,18 - 24,Woman / Female,Extremely Proficient (Native or Bilingual),No,marathi,13,13,0,Daily or multiple times per week,No,
6,9e8106ce-2e4a-450c-8,This music can be described as slow rock and a different tone.,rock,,,different tone,,slow,,18 - 24,Woman / Female,Extremely Proficient (Native or Bilingual),No,marathi,13,13,0,Daily or multiple times per week,No,
6,88bf780d-da3b-440d-9,This music can be described as dramatic and a bit sad.,,dramatic|sad,,,,,,18 - 24,Woman / Female,Extremely Proficient (Native or Bilingual),No,marathi,13,13,0,Daily or multiple times per week,No,
6,837f7d1b-23e2-4a0f-8,This music can be described as very sad and melancholic.,,sad|melancholic,,,,,,18 - 24,Woman / Female,Extremely Proficient (Native or Bilingual),No,marathi,13,13,0,Daily or multiple times per week,No,
6,56487772-7530-4ead-a,This music can be described as slow lyrics but it has a slow background as well.,,,,,,slow,slow lyrics,18 - 24,Woman / Female,Extremely Proficient (Native or Bilingual),No,marathi,13,13,0,Daily or multiple times per week,No,
6,5de77170-9628-498c-8,This music can be described as calm and a sad tune.,,calm|sad,,,,,,18 - 24,Woman / Female,Extremely Proficient (Native or Bilingual),No,marathi,13,13,0,Daily or multiple times per week,No,
6,61375a85-29d0-4b45-9,This music can be described as sort of rock and upbeat.,rock,upbeat,,,,,,18 - 24,Woman / Female,Extremely Proficient (Native or Bilingual),No,marathi,13,13,0,Daily or multiple times per week,No,
6,304f77ae-6961-4c73-b,This music can be described as super rock and upbeat.,rock,upbeat,,,,,,18 - 24,Woman / Female,Extremely Proficient (Native or Bilingual),No,marathi,13,13,0,Daily or multiple times per week,No,
6,3a5cb7e8-d45f-481e-b,This music can be described as very upbeat but also has a sad tune.,,upbeat|sad,,,,,,18 - 24,Woman / Female,Extremely Proficient (Native or Bilingual),No,marathi,13,13,0,Daily or multiple times per week,No,
6,4cd02c55-36e8-46dd-9,This music can be described as rock and it has a very upbeat tune.,rock,upbeat,,,,,,18 - 24,Woman / Female,Extremely Proficient (Native or Bilingual),No,marathi,13,13,0,Daily or multiple times per week,No,
6,4ce5fcbf-3111-4a0d-b,This music can be described as super upbeat and it has a cloudy feel.,,super upbeat|cloudy feel,,,,,,18 - 24,Woman / Female,Extremely Proficient (Native or Bilingual),No,marathi,13,13,0,Daily or multiple times per week,No,
6,0e4f6e42-e8a1-4618-9,This music can be described as very dramatic and melancholic.,,dramatic|melancholic,,,,,,18 - 24,Woman / Female,Extremely Proficient (Native or Bilingual),No,marathi,13,13,0,Daily or multiple times per week,No,
6,189707c6-89e6-4846-9,This music can be described as slow and has a soft tune.,,,,soft,,slow,,18 - 24,Woman / Female,Extremely Proficient (Native or Bilingual),No,marathi,13,13,0,Daily or multiple times per week,No,
6,1e28722f-2c5c-474e-a,This music can be described as calm and a slow tune.,,calm,,,,slow tune,,18 - 24,Woman / Female,Extremely Proficient (Native or Bilingual),No,marathi,13,13,0,Daily or multiple times per week,No,
6,1fc27a56-36f6-4a2b-9,This music can be described as very upbeat and has a rock tune.,rock,very upbeat,,,,,,18 - 24,Woman / Female,Extremely Proficient (Native or Bilingual),No,marathi,13,13,0,Daily or multiple times per week,No,
6,20965396-7e93-4354-8,This music can be described as upbeat but it has slow beats in the beginning.,,upbeat,,,,slow beats in the beginning,,18 - 24,Woman / Female,Extremely Proficient (Native or Bilingual),No,marathi,13,13,0,Daily or multiple times per week,No,
6,21ee8bb8-76c4-41d2-b,This music can be described as super upbeat and lots of different tunes.,,super upbeat,,,,lots of different tunes,,18 - 24,Woman / Female,Extremely Proficient (Native or Bilingual),No,marathi,13,13,0,Daily or multiple times per week,No,
7,246bf3fe-a489-4545-a,There is a woman singing. This is pop music. You can hear the drums. I think this is like Hispanic or something. The girl has the voice of an angel. I think there is some Spanish in the music.,pop|hispanic,voice of an angel,woman singing|drums,,,,some spanish in the music,18 - 24,Woman / Female,Extremely Proficient (Native or Bilingual),Yes,,4,3,0,Daily or multiple times per week,No,
7,f87d8dbf-83a9-4c58-a,"This is nostalgic. It sounds like a new Coldplay song. There is a man singing, and there are the guitar and drums in the background.",,nostalgic,man singing|guitar|drums,,,,,18 - 24,Woman / Female,Extremely Proficient (Native or Bilingual),Yes,,4,3,0,Daily or multiple times per week,No,
7,df0117f3-743c-460c-9,This is. rock song. There is a man singing in Spaniosh and there is drumns and the electric guitar in the background. So it must be like Spanish rock.,rock|spanish rock,,man singing|drums|electric guitar,,,,singing in spanish,18 - 24,Woman / Female,Extremely Proficient (Native or Bilingual),Yes,,4,3,0,Daily or multiple times per week,No,
7,d69d66d4-df72-4002-8,"This is an opera. There is a main man singing and another in the background, but quieter. There is dramatic music, such as violins, drums, trombones, and it gets really fast towards the end. It would be a good somng for a dramatic movie ending.",opera,dramatic,main man singing|another in the background|violins|drums|trombones,,dramatic movie ending,gets really fast towards the end,,18 - 24,Woman / Female,Extremely Proficient (Native or Bilingual),Yes,,4,3,0,Daily or multiple times per week,No,
7,d2cf4cdf-f303-4ef9-9,"This is a rock song, there are drums and an electric guitar. A man is singing a song very loudly, like he is screaming and not singing. Lots of repeated guitar sounds at the end.",rock,,drums|electric guitar|man singing,loudly|screaming,,lots of repeated guitar sounds at the end,,18 - 24,Woman / Female,Extremely Proficient (Native or Bilingual),Yes,,4,3,0,Daily or multiple times per week,No,
7,d2bec18a-bac3-48cb-b,"There is a woman singing an older type songs. Sounds like something Michael Jackson would sing. It is a man singing, actually, and you can hear the drums in the background.",,,woman singing|man singing|drums,,,,older type songs|sounds like something michael jackson would sing,18 - 24,Woman / Female,Extremely Proficient (Native or Bilingual),Yes,,4,3,0,Daily or multiple times per week,No,
7,cdb23f80-6a13-4777-8,This is more pop. There is a man singing. I think it is a more type of love song. It has a good beat to it that adds dramatic effect. I feel like it would be targeted towards teenagers.,pop,love song|dramatic,man singing,,targeted towards teenagers,good beat,,18 - 24,Woman / Female,Extremely Proficient (Native or Bilingual),Yes,,4,3,0,Daily or multiple times per week,No,
7,af1cb15b-e547-4e02-8,"This is rap, like M&M type. There is a man rapping with some background music and singers. There is the drumns and guiat and some sort of keyboard. The backup singer sings a lot.",rap,,man rapping|background music|singers|drums|guitar|keyboard|backup singer,,,,,18 - 24,Woman / Female,Extremely Proficient (Native or Bilingual),Yes,,4,3,0,Daily or multiple times per week,No,
7,94894312-0261-4956-8,This is like Snoop Dog music. It is slow rap that has some beat to it. There is a man rapping to the beat to drumns. It sounds like rapping to produce music on a DJ board. There is an echo at the end.,rap,,man rapping|drums|dj board,echo,,slow,,18 - 24,Woman / Female,Extremely Proficient (Native or Bilingual),Yes,,4,3,0,Daily or multiple times per week,No,
7,93a18e93-3e7e-4dfb-9,"This is a country song sung by a man. There is a guitar in the back. It has a good and steady beat to it. He says, ""first time"" a lot.",country,good,guitar|male vocalist,,,steady beat,he says first time a lot,18 - 24,Woman / Female,Extremely Proficient (Native or Bilingual),Yes,,4,3,0,Daily or multiple times per week,No,
7,75bc4c3d-4d24-4d21-a,"This is like an E&M song, like a music festival one. It appears to be some sort of remix. You can hear the keyboard in the background and the electric guitar. There is a man singing.",,,keyboard|electric guitar|male vocalist,,music festival,,,18 - 24,Woman / Female,Extremely Proficient (Native or Bilingual),Yes,,4,3,0,Daily or multiple times per week,No,
7,652ed6ff-5366-4dea-9,"There is a woman singing a very peaceful/graceful melody. She has a high-pitched voice, and it is matched with violins and some sort of percussion that makes it almost feel underwater.",,peaceful|graceful,woman singing|violins|percussion,high-pitched|almost feel underwater,,melody,,18 - 24,Woman / Female,Extremely Proficient (Native or Bilingual),Yes,,4,3,0,Daily or multiple times per week,No,
7,6cff0016-0d2e-4199-9,This seems like an older song that my Grandpa would sing. This is a country song. You can hear the moroccos in the back and the guitar. Seems like a song from Mexico. There is an older man singing.,country,,moroccos|guitar,,,,older song|my grandpa would sing|older man singing|song from mexico,18 - 24,Woman / Female,Extremely Proficient (Native or Bilingual),Yes,,4,3,0,Daily or multiple times per week,No,
7,2f52deb7-1947-4e11-9,"Thsi si rock. There is an electric guitar and the drums. There is a man singing. As it continued, the drums and the guitar played faster. He has an echo of a scream after he says certain words.",rock,,electric guitar|drums|man singing,echo of a scream,,played faster,,18 - 24,Woman / Female,Extremely Proficient (Native or Bilingual),Yes,,4,3,0,Daily or multiple times per week,No,
7,346756fd-269e-4421-8,This is a soft-rock type song. You can hear the guitar and drums. There is a man singing in an eerie tone with someone else singing repeated words in the background.,soft rock,eerie,guitar|drums|man singing|someone else singing,,,,repeated words in the background,18 - 24,Woman / Female,Extremely Proficient (Native or Bilingual),Yes,,4,3,0,Daily or multiple times per week,No,
7,0a1282d5-b306-49f4-b,Idk the type of genre. It's like smooth jazz. There is a keyboard in the background and a woman singing.,smooth jazz,,keyboard|woman singing,smooth,,,,18 - 24,Woman / Female,Extremely Proficient (Native or Bilingual),Yes,,4,3,0,Daily or multiple times per week,No,
7,12c3b33c-37c3-42e9-b,"The beginning eerie, there is a woman rapping with not a lot of instruments in the background, giving it a spooky sound. Their rapping is fast. It sounds like it could be like a song that they start a concert with.",,eerie|spooky,woman rapping,,start a concert,fast rapping,,18 - 24,Woman / Female,Extremely Proficient (Native or Bilingual),Yes,,4,3,0,Daily or multiple times per week,No,
7,1eccf497-ffe0-4f0d-a,"This is a rock song. You can hear the electric guitar. It is more soft-rock. It makes a lot of political references. The person on the guitar is playing veyr very, very well, and fast, there is a man singing.",rock|soft-rock,,electric guitar|man singing,,,fast guitar playing,political references,18 - 24,Woman / Female,Extremely Proficient (Native or Bilingual),Yes,,4,3,0,Daily or multiple times per week,No,
7,1fce4fac-fe02-42f3-9,"This is also Jazz, you can tell by the saxophone being placed with the combination of the drums and the keyboard. No one is singing in this. The beat repeated. There is an instrue,nt introduced at the end that is being played fast, but not loud.",jazz,,saxophone|drums|keyboard,,,beat repeated|played fast|not loud,,18 - 24,Woman / Female,Extremely Proficient (Native or Bilingual),Yes,,4,3,0,Daily or multiple times per week,No,
7,20752527-76a9-4e5a-b,"This has a calm, like medieval sound to it. No singing. I hear the flute, maybe the poicaalo, the drums, and maybe the tanderlines, and the violin. It is playing a steady rhythm and beat.",,calm|medieval,flute|poicaalo|drums|tanderlines|violin,,,steady rhythm|steady beat,,18 - 24,Woman / Female,Extremely Proficient (Native or Bilingual),Yes,,4,3,0,Daily or multiple times per week,No,
8,8b21762a-c0c3-449e-8,"Southern belle song. Country sounding. Male voice, backing male vocals.",country,,male voice|backing male vocals,,,,southern belle song,18 - 24,Woman / Female,Extremely Proficient (Native or Bilingual),Yes,,17,10,0,Daily or multiple times per week,No,
8,e89bac5b-3b92-4554-b,"Solo Male voice, band music. Generic band rock sound with drums guitar bass",rock,,solo male voice|drums|guitar|bass,,,,,18 - 24,Woman / Female,Extremely Proficient (Native or Bilingual),Yes,,17,10,0,Daily or multiple times per week,No,
8,df09d518-7cb4-43d2-b,Rap song with heavy bass and beat line that decrescendos underneath male voice.,rap,,male voice,heavy bass,,beat line that decrescendos,,18 - 24,Woman / Female,Extremely Proficient (Native or Bilingual),Yes,,17,10,0,Daily or multiple times per week,No,
8,cc598c82-8126-4cdf-9,"Fast beat instrumental with synth, interesting bass line and percussion. No vocals.",,,synth|bass|percussion,,,fast beat|instrumental|interesting bass line,,18 - 24,Woman / Female,Extremely Proficient (Native or Bilingual),Yes,,17,10,0,Daily or multiple times per week,No,
8,c2eccd6c-3c7f-4e67-9,"Country sounding song, slower tempo. Driving guitar parts. Male southern vocal",country,,guitar|male southern vocal,,,slower tempo|driving guitar parts,,18 - 24,Woman / Female,Extremely Proficient (Native or Bilingual),Yes,,17,10,0,Daily or multiple times per week,No,
8,c243ba53-0eea-4dfd-b,"Strong male vocals, metal like sounding instrumental with heavy drums, guitar and bass.",metal,,male vocals|drums|guitar|bass,metal like sounding|heavy,,,,18 - 24,Woman / Female,Extremely Proficient (Native or Bilingual),Yes,,17,10,0,Daily or multiple times per week,No,
8,be9d0001-9386-4d1a-b,Strings Instrumental starting with a full orchestra then fading into violins back into the main orchestra underneath a soft female voice.,,,strings instrumental|full orchestra|violins|female voice,soft,,starting with a full orchestra|fading into violins|back into the main orchestra,,18 - 24,Woman / Female,Extremely Proficient (Native or Bilingual),Yes,,17,10,0,Daily or multiple times per week,No,
8,b81b00c3-f3c4-4ba7-8,"Country song featuring a male voice with guitar, drums, bass. Southern accent country feeling song.",country,southern accent country feeling,male voice|guitar|drums|bass,,,,,18 - 24,Woman / Female,Extremely Proficient (Native or Bilingual),Yes,,17,10,0,Daily or multiple times per week,No,
8,a73408ef-f0f9-4280-8,Simple instrumental featuring the acoustic guitar and maracas underneath a female voice.,,,acoustic guitar|maracas|female voice,,,simple|instrumental,,18 - 24,Woman / Female,Extremely Proficient (Native or Bilingual),Yes,,17,10,0,Daily or multiple times per week,No,
8,9a2bd396-3954-4d40-b,Foreign male voice on top of a orchestral instrumental with a maracas percussion driving the beat.,,,male voice|orchestral instrumental|maracas percussion,,,driving the beat,foreign,18 - 24,Woman / Female,Extremely Proficient (Native or Bilingual),Yes,,17,10,0,Daily or multiple times per week,No,
8,89fe259f-467e-4f79-9,"Drums, Guitar, exasperated male vocal. Slow song, consistent drums line.",,exasperated,drums|guitar|male vocal,,,slow|consistent drums line,,18 - 24,Woman / Female,Extremely Proficient (Native or Bilingual),Yes,,17,10,0,Daily or multiple times per week,No,
8,876c1749-d348-48e6-a,Rock feeling song. Strong male vocals. Thematic song that could be a introduction to a show.,rock,,male vocals,,introduction to a show,,thematic song,18 - 24,Woman / Female,Extremely Proficient (Native or Bilingual),Yes,,17,10,0,Daily or multiple times per week,No,
8,85c89132-e0ce-42d5-9,"Upbeat, lively instrumentals with driving drums, and a guitar part that leads into a male foreign voice.",,upbeat|lively,drums|guitar|male voice,,,driving,foreign voice,18 - 24,Woman / Female,Extremely Proficient (Native or Bilingual),Yes,,17,10,0,Daily or multiple times per week,No,
8,8235499a-b4cf-4189-9,Male foreign beat that  fades out and comes back in. Feeling techno and cinematic. Strong and bold beat that drops out and comes back in.,techno,cinematic|strong|bold,,,,fades out and comes back in|beat that drops out and comes back in,,18 - 24,Woman / Female,Extremely Proficient (Native or Bilingual),Yes,,17,10,0,Daily or multiple times per week,No,
8,788859af-9004-4587-b,"Upbeat slow, older style sound with piano violin and a driving bassline.",older style,upbeat|slow,piano|violin|bassline,,,,,18 - 24,Woman / Female,Extremely Proficient (Native or Bilingual),Yes,,17,10,0,Daily or multiple times per week,No,
8,6184d460-21d8-4a0c-b,"Upbeat, early 2000s pop feeling song. Features a female voice, bass, kick drums, and voice layering.",pop,upbeat,female voice|bass|kick drums,voice layering,,,,18 - 24,Woman / Female,Extremely Proficient (Native or Bilingual),Yes,,17,10,0,Daily or multiple times per week,No,
8,31e86412-c270-4bcb-8,"Upbeat rock feeling instrumental with guitars on high drive, prevalent drums. Male vocal.",rock,upbeat,guitars|drums|male vocal,high drive,,,,18 - 24,Woman / Female,Extremely Proficient (Native or Bilingual),Yes,,17,10,0,Daily or multiple times per week,No,
8,42ef4a9a-164f-480e-9,"Slow, dark, and grungy song featuring a male voice, drums, guitar and bass.",grungy,dark,male voice|drums|guitar|bass,,,slow,,18 - 24,Woman / Female,Extremely Proficient (Native or Bilingual),Yes,,17,10,0,Daily or multiple times per week,No,
8,42f15631-a541-4b30-8,"Rock type song with a foreign male voice. Heavy percussion, guitar and bass. Strong vocals.",rock,,percussion|guitar|bass|vocals,heavy|strong,,,foreign male voice,18 - 24,Woman / Female,Extremely Proficient (Native or Bilingual),Yes,,17,10,0,Daily or multiple times per week,No,
8,0244da5b-f3c0-49b4-b,RNB feeling song. Slow soulful female vocals. Groovy instrumental with a RNB beat and bass line.,rnb,,female vocals|bass line,soulful|groovy,,slow|rnb beat,,18 - 24,Woman / Female,Extremely Proficient (Native or Bilingual),Yes,,17,10,0,Daily or multiple times per week,No,
9,fa94bad4-6431-40a7-9,"This music is in a different language than English, sounds like Spanish. The song is upbeat and features some slight hip hop style in the lyrics.",hip hop,upbeat,,,,,different language than english|sounds like spanish|hip hop style in the lyrics,18 - 24,Man / Male,Extremely Proficient (Native or Bilingual),Yes,,2,0,0,Daily or multiple times per week,Yes,I tried them once or twice but do not use them regularly.
9,f8439571-23e6-4c8a-9,"90s style hip hop song, slightly more upbeat and major focus on the lyrics and word play.",90s style hip hop,slightly more upbeat,,,,,major focus on the lyrics and word play,18 - 24,Man / Male,Extremely Proficient (Native or Bilingual),Yes,,2,0,0,Daily or multiple times per week,Yes,I tried them once or twice but do not use them regularly.
9,f190fc46-b387-4437-a,"The music features choir like vocals, and calmer lyrics, it is a kind of R&B style of song with slower lyrics yet has hints of hip hop.",r&b|hip hop,calmer,choir like vocals,,,slower lyrics,,18 - 24,Man / Male,Extremely Proficient (Native or Bilingual),Yes,,2,0,0,Daily or multiple times per week,Yes,I tried them once or twice but do not use them regularly.
9,e0d3ac24-3ea6-4a85-a,"This is slow music with simple instruments in ht ebackground, emphasis is on the singer and their vocal strengths as well as the lyrics.",,,simple instruments|singer,,,slow,emphasis on the singer and their vocal strengths|emphasis on the lyrics,18 - 24,Man / Male,Extremely Proficient (Native or Bilingual),Yes,,2,0,0,Daily or multiple times per week,Yes,I tried them once or twice but do not use them regularly.
9,db477bec-7b99-4ca2-8,This music is very slow and features only one guitar as the instrument.,,,guitar,,,very slow,,18 - 24,Man / Male,Extremely Proficient (Native or Bilingual),Yes,,2,0,0,Daily or multiple times per week,Yes,I tried them once or twice but do not use them regularly.
9,c03a69e7-7bcb-4c85-b,"This music is calmer and has more of a country style. It is a slower style, with lyrics, yet not too much word play.",country,calmer,,,,slower style,lyrics|not too much word play,18 - 24,Man / Male,Extremely Proficient (Native or Bilingual),Yes,,2,0,0,Daily or multiple times per week,Yes,I tried them once or twice but do not use them regularly.
9,be7b3ab7-8a50-4437-8,The music has a more modern and mellow beat. There are a combination of instruments and the lyrics fit the tune in the background almost exactly.,,mellow,,,background,modern beat,lyrics fit the tune almost exactly,18 - 24,Man / Male,Extremely Proficient (Native or Bilingual),Yes,,2,0,0,Daily or multiple times per week,Yes,I tried them once or twice but do not use them regularly.
9,b63b2d28-ca13-4ae8-b,This music is instrumental and slow. It has very minimal vocals and focuses more on the instruments.,,,,,,slow,,18 - 24,Man / Male,Extremely Proficient (Native or Bilingual),Yes,,2,0,0,Daily or multiple times per week,Yes,I tried them once or twice but do not use them regularly.
9,a0ca57ef-9516-411f-a,"There is an electronic produced sound, similar to what one would find in modern hip hop music, yet there are little to no vocals or lyrics, sounds more like an outro.",electronic|modern hip hop,,,,outro,,little to no vocals or lyrics,18 - 24,Man / Male,Extremely Proficient (Native or Bilingual),Yes,,2,0,0,Daily or multiple times per week,Yes,I tried them once or twice but do not use them regularly.
9,9c7e479a-5c4d-46d9-8,"This is a calm song with a simple piano and voice combination, the focus is heavily on the vocals of the singer, not much production.",,calm,piano|voice,,,,,18 - 24,Man / Male,Extremely Proficient (Native or Bilingual),Yes,,2,0,0,Daily or multiple times per week,Yes,I tried them once or twice but do not use them regularly.
9,9a4d75e7-de00-4931-9,"90s style hip hop song, with a slow beat and major emphasis on the word play like classic hip hop.",90s style hip hop|classic hip hop,,,,,slow beat,major emphasis on the word play,18 - 24,Man / Male,Extremely Proficient (Native or Bilingual),Yes,,2,0,0,Daily or multiple times per week,Yes,I tried them once or twice but do not use them regularly.
9,924be17b-f5f1-4628-9,"The music starts off with a guitar sounding instrument, with lyrics that match. It is similar to a classic rock and roll song, not a modern one.",classic rock and roll,,guitar sounding instrument,,,,lyrics that match,18 - 24,Man / Male,Extremely Proficient (Native or Bilingual),Yes,,2,0,0,Daily or multiple times per week,Yes,I tried them once or twice but do not use them regularly.
9,77056edb-735f-4b6c-a,"This sounds like the start of a classic rock and roll song, there is a guitar and drum in the background, and it is building up to the song.",classic rock and roll,,guitar|drum,,,building up to the song,,18 - 24,Man / Male,Extremely Proficient (Native or Bilingual),Yes,,2,0,0,Daily or multiple times per week,Yes,I tried them once or twice but do not use them regularly.
9,523ab434-2e54-4441-9,"Slightly more modern hip hop song with heavy beat production and bass, however, the word play is much weaker compared to beat.",hip hop,,bass,,,heavy beat production,word play is much weaker compared to beat,18 - 24,Man / Male,Extremely Proficient (Native or Bilingual),Yes,,2,0,0,Daily or multiple times per week,Yes,I tried them once or twice but do not use them regularly.
9,54f0f9eb-f14f-4d8d-b,This is a quieter style of song with a focus on the singers abilities with minimal insturmental focus.,,quieter,,,,,,18 - 24,Man / Male,Extremely Proficient (Native or Bilingual),Yes,,2,0,0,Daily or multiple times per week,Yes,I tried them once or twice but do not use them regularly.
9,6067225b-504a-46e1-8,"Very up beat pop song, similar to a early 2010s classic pop song, major emphasis on technical production and loud vocals and intense beats.",pop,up beat,,loud,,intense beats,,18 - 24,Man / Male,Extremely Proficient (Native or Bilingual),Yes,,2,0,0,Daily or multiple times per week,Yes,I tried them once or twice but do not use them regularly.
9,3a357ba5-4c78-432d-8,"Song in a different language, sounds like an east asian language. It is a calmer and more vocally focused song, with minimal production in the background.",,calmer,,,,,song in a different language|sounds like an east asian language,18 - 24,Man / Male,Extremely Proficient (Native or Bilingual),Yes,,2,0,0,Daily or multiple times per week,Yes,I tried them once or twice but do not use them regularly.
9,3c41851f-03a5-464c-9,"The music combines a calmer beat with minimal lyrics, and has a more instrumental focus.",,calmer,,,,calmer beat|minimal lyrics|more instrumental focus,,18 - 24,Man / Male,Extremely Proficient (Native or Bilingual),Yes,,2,0,0,Daily or multiple times per week,Yes,I tried them once or twice but do not use them regularly.
9,0c1cecb1-1601-43cc-8,"The music is upbeat and has a pop style of music, yet not modern pop. There is a slight hint of a rock and roll style as well.",pop|rock and roll,upbeat,,,,,,18 - 24,Man / Male,Extremely Proficient (Native or Bilingual),Yes,,2,0,0,Daily or multiple times per week,Yes,I tried them once or twice but do not use them regularly.
9,122a5bd5-7657-4161-a,"This song is a more alternative style, with minimal lyrics and word play, the focus is more on the singular trumpet style instrument in the background.",alternative,,trumpet style instrument,,,,minimal lyrics|word play,18 - 24,Man / Male,Extremely Proficient (Native or Bilingual),Yes,,2,0,0,Daily or multiple times per week,Yes,I tried them once or twice but do not use them regularly.
10,84deb4de-d0fb-4e1d-a,"A soft, smooth jazz instrumental that evokes feelings of romance and makes you want to dance. It could be used in casio or movies or elevators.",jazz,romance|makes you want to dance,,soft|smooth,casio|movies|elevators,,,18 - 24,Woman / Female,Moderately Proficient,No,Bengali,0,0,,Daily or multiple times per week,Yes,I tried them once or twice but do not use them regularly.
10,e374a9d0-706d-4bf3-a,Rock song sounds very strong by a man screaming. Strong instrumentals,rock,,,strong,,,man screaming,18 - 24,Woman / Female,Moderately Proficient,No,Bengali,0,0,,Daily or multiple times per week,Yes,I tried them once or twice but do not use them regularly.
10,b7aa837e-a53b-4f8a-9,Funky music with fun beats. Sounds something like you can dance to. Some vocals. Dreamy-like.,funky,fun,vocals,dreamy,dance,beats,,18 - 24,Woman / Female,Moderately Proficient,No,Bengali,0,0,,Daily or multiple times per week,Yes,I tried them once or twice but do not use them regularly.
10,b0f6dcc3-7aeb-4d48-9,Rap song sung by a man. Good beat and sounds good,rap,,man,,,good beat,,18 - 24,Woman / Female,Moderately Proficient,No,Bengali,0,0,,Daily or multiple times per week,Yes,I tried them once or twice but do not use them regularly.
10,97674f07-7bc3-404e-9,"A rock song with drums and guitar, sung by a guy with very strong vocals.",rock,,drums|guitar|vocals,strong,,,,18 - 24,Woman / Female,Moderately Proficient,No,Bengali,0,0,,Daily or multiple times per week,Yes,I tried them once or twice but do not use them regularly.
10,96382602-5e97-430f-9,Epic instrumental that evokes strong emotions. Feels like a movie soundtrack.,,strong emotions|epic,,,movie soundtrack,,,18 - 24,Woman / Female,Moderately Proficient,No,Bengali,0,0,,Daily or multiple times per week,Yes,I tried them once or twice but do not use them regularly.
10,9481c38d-df7b-42cc-b,epic song with drums and evoking emotions. Sounds like a soundtrack,,evoking emotions|epic,drums,,soundtrack,,,18 - 24,Woman / Female,Moderately Proficient,No,Bengali,0,0,,Daily or multiple times per week,Yes,I tried them once or twice but do not use them regularly.
10,91f9b933-c02b-47df-9,Song sung by a woman. Sounds sad and nice. Sounds good,,sad|nice,woman vocalist,sounds good,,,,18 - 24,Woman / Female,Moderately Proficient,No,Bengali,0,0,,Daily or multiple times per week,Yes,I tried them once or twice but do not use them regularly.
10,82297794-bd7d-4718-9,An epic music that sounds like a movie soundtrack. It evokes emotional and strong feelings.,,emotional|strong feelings,,,movie soundtrack,,,18 - 24,Woman / Female,Moderately Proficient,No,Bengali,0,0,,Daily or multiple times per week,Yes,I tried them once or twice but do not use them regularly.
10,77c467d4-d021-4b6e-b,Country song sung by man. Makes you feel sad and nostalgic,country,sad|nostalgic,man,,,,,18 - 24,Woman / Female,Moderately Proficient,No,Bengali,0,0,,Daily or multiple times per week,Yes,I tried them once or twice but do not use them regularly.
10,566f7399-846c-4579-a,Jazzy song sung by a man. Very romantic sounding and pleasant,jazzy,romantic|pleasant,male vocalist,,,,,18 - 24,Woman / Female,Moderately Proficient,No,Bengali,0,0,,Daily or multiple times per week,Yes,I tried them once or twice but do not use them regularly.
10,5de9f530-88d9-44a5-9,City pop like music that makes you want to dance. Sung by a female with sweet vocals.,city pop,makes you want to dance,female vocals,sweet,,,,18 - 24,Woman / Female,Moderately Proficient,No,Bengali,0,0,,Daily or multiple times per week,Yes,I tried them once or twice but do not use them regularly.
10,6dfa3eea-e6cf-46fb-a,Rock song sung by a guy. Sounds sad and romantic,rock,sad|romantic,guy,,,,,18 - 24,Woman / Female,Moderately Proficient,No,Bengali,0,0,,Daily or multiple times per week,Yes,I tried them once or twice but do not use them regularly.
10,6fdab3ec-7a58-4272-8,Almost sad dreamy like song sung by a guy who sounds like he is dying.,,almost sad|dreamy,guy,sounds like he is dying,,,,18 - 24,Woman / Female,Moderately Proficient,No,Bengali,0,0,,Daily or multiple times per week,Yes,I tried them once or twice but do not use them regularly.
10,325c3403-d7f7-4fa0-8,Epic song sung by a couple of people. It feels hopeful.,,hopeful,a couple of people,,,,,18 - 24,Woman / Female,Moderately Proficient,No,Bengali,0,0,,Daily or multiple times per week,Yes,I tried them once or twice but do not use them regularly.
10,33858c28-6c40-43d6-9,"Movie soundtrack that evokes emotional feelings and feels very good to hear,",,emotional|feels very good to hear,,,movie soundtrack,,,18 - 24,Woman / Female,Moderately Proficient,No,Bengali,0,0,,Daily or multiple times per week,Yes,I tried them once or twice but do not use them regularly.
10,34c793a1-0af4-469e-9,French song sung my a woman. Sounds sad and emotional.,,sad|emotional,female vocalist,,,,french song,18 - 24,Woman / Female,Moderately Proficient,No,Bengali,0,0,,Daily or multiple times per week,Yes,I tried them once or twice but do not use them regularly.
10,4ae99a8d-f134-4966-a,Song sung by a man. Guitar and it gets happier and more upbeat.,,happier|more upbeat,guitar|man,,,,,18 - 24,Woman / Female,Moderately Proficient,No,Bengali,0,0,,Daily or multiple times per week,Yes,I tried them once or twice but do not use them regularly.
10,4e733c89-a6a1-4094-8,An emotional song sung by a female who has soft vocals. Sounds pleasing to the ear.,,emotional,female vocals,soft|pleasing to the ear,,,,18 - 24,Woman / Female,Moderately Proficient,No,Bengali,0,0,,Daily or multiple times per week,Yes,I tried them once or twice but do not use them regularly.
10,1acbac5c-f315-45df-8,Song sung by a girl . Girl has really good vocals and song about girls.,,,girl vocals,,,,song about girls,18 - 24,Woman / Female,Moderately Proficient,No,Bengali,0,0,,Daily or multiple times per week,Yes,I tried them once or twice but do not use them regularly.
