user_number,problem_hash,prompt,genre,mood/emotion,instrumentation,timbre,function,music theory,story/narrative/lyrics,age,gender,years_music_making,years_formal_instruc,hours_per_week_music,ai_text_tools_usage,ai_music_tools_used,ai_music_tools_freq
1,8b332c1e-f10e-4afc-a,한강에서 달리기 하며 듣기 좋은 가벼운 리듬의 4/4박자의 경쾌한 음악,,경쾌한,,가벼운,한강에서 달리기 하며 듣기 좋은,리듬의|4/4박자,,35 - 44,여성,10,10,4,매일 또는 주에 여러번,아니오,
1,e374a9d0-706d-4bf3-a,"120 속도의 이상의 소리지르는 일렉트로닉 음반인 것 같음. 강한 헤비메탈 같은 느낌을 줌. 달리기나 점프 같은 게임을 할 때, 혹은 총싸움을 할때나 영화에서 액션 씬에서 나오는 음악 같음.",일렉트로닉|헤비메탈,,,소리지르는,게임|달리기|점프|총싸움|영화|액션 씬,120 속도,,35 - 44,여성,10,10,4,매일 또는 주에 여러번,아니오,
1,c243ba53-0eea-4dfd-b,"일렉트로닉 기타가 도입부에 들어가고, 남성 보컬이지만 굉장히 예민하고, 샤우팅 기법이 도드라지는 음악. 주말 저녁 펍에서 들릴 법한 시끌벅적한 분위기의 노래.",,예민한|시끌벅적한,일렉트로닉 기타|남성 보컬|샤우팅,,주말 저녁 펍,도입부,,35 - 44,여성,10,10,4,매일 또는 주에 여러번,아니오,
1,9a496feb-6a67-4f22-a,"일렉트레닉 음반으로 느껴지고, 일본어처럼 보여지는 남성보컬이 파워풀함. 액션영화에도 사용될 법한 느낌이 듬. 기분은 그다지 좋지 않은 정서를 줌",일렉트레닉,그다지 좋지 않은 정서,남성보컬,파워풀함,액션영화,,일본어처럼 보여지는,35 - 44,여성,10,10,4,매일 또는 주에 여러번,아니오,
1,924be17b-f5f1-4628-9,시골에서 들리는 벌어지는 블랙 코미디의 배경음악 같은 분위기를 자아내는 남성보컬의 음악. 화음이 구성되어 있으며 기타소리가 들림.,,,남성보컬|기타,,배경음악,화음이 구성되어 있으며,시골|벌어지는 블랙 코미디,35 - 44,여성,10,10,4,매일 또는 주에 여러번,아니오,
1,54f0f9eb-f14f-4d8d-b,환상적인 분위기를 묘사하는 듯한 여성보컬의 노래. 윈드차임벨 같은 효과가 도드라지고 마치 주말 따뜻한 햇살을 맞으며 일어나거나 연말의 따뜻하고 몽글몽글한 분위기를 자아냄,,환상적인|따뜻한|몽글몽글한,여성보컬|윈드차임벨 같은 효과,,,,주말 따뜻한 햇살을 맞으며 일어나는 장면|연말 분위기,35 - 44,여성,10,10,4,매일 또는 주에 여러번,아니오,
1,56487772-7530-4ead-a,"영화에서 영향을 받은 고음반 같은 느낌의 음질이 느껴지고, 여성보컬이 소울풀하게 가창됨. 90년대 이전 유행했던 리듬과 선율이 주를 이루는 것 같음.",,,여성 보컬,고음반 같은 느낌의 음질|소울풀하게,영화에서 영향을 받은,90년대 이전 유행했던 리듬|선율,,35 - 44,여성,10,10,4,매일 또는 주에 여러번,아니오,
1,566f7399-846c-4579-a,점음표가 도드라지는 4박자 계통의 남성 보컬의 노래. 그루브가 느껴지고 피아노 솔로와 남성보컬의 보컬이 돋보임. 중저음의 노래.,,,남성 보컬|피아노 솔로,중저음의,,점음표가 도드라지는|4박자 계통|그루브가 느껴지고|보컬이 돋보임,,35 - 44,여성,10,10,4,매일 또는 주에 여러번,아니오,
1,58339466-2de5-4409-b,대중적인 2000년대의 미디움 템포의 팝 느낌. 여성보컬과 화음이 돋보이며 가창력이 느껴짐.,팝,,여성보컬|화음,가창력이 느껴짐,,대중적인|2000년대|미디움 템포,,35 - 44,여성,10,10,4,매일 또는 주에 여러번,아니오,
1,72dda986-55c6-450e-8,"기타음악이 느슨하게 이어지고, 박자의 구분없이 선율이 이어지는 듯한 느낌을 자아냄. 보컬은 없고 클래식 기타의 주된 선율로 느껴짐. 2중주 이상으로 여겨짐.",,,클래식 기타,,,느슨하게 이어지는|박자의 구분없이 선율이 이어지는|주된 선율|2중주 이상,보컬은 없고,35 - 44,여성,10,10,4,매일 또는 주에 여러번,아니오,
2,bc812733-b45b-4d2b-9,일렉트릭스러운 악기 남성 보컬의 추임새 변칙적인 구성과 신나는 드럼 비트,,신나는,남성 보컬|드럼,일렉트릭스러운,,추임새|변칙적인 구성|비트,,25 - 34,남성,5,1,0,매일 또는 주에 여러번,네,월 1회 이하
2,9c7e479a-5c4d-46d9-8,"재즈스럽고 부드러운 여성 보컬, 잔잔하고 아침에 듣기 좋은 조용하고 편안한 피아노 반주",재즈,잔잔한|조용한|편안한,여성 보컬|피아노,부드러운,아침에 듣기 좋은,반주,,25 - 34,남성,5,1,0,매일 또는 주에 여러번,네,월 1회 이하
2,813d9197-3774-4fbd-9,"어둡고 신나는 힙합 붐뱁 비트, 묵직한 무게감이 느껴지는 남성 보컬의 랩",힙합|붐뱁,어둡고 신나는,남성 보컬|랩,묵직한 무게감이 느껴지는,,비트,,25 - 34,남성,5,1,0,매일 또는 주에 여러번,네,월 1회 이하
2,6cff0016-0d2e-4199-9,"컨트리스러운 서부 느낌의 기타 리드, 중년 남성이 떠오르는 남성 보컬의 목소리",컨트리,서부 느낌,기타 리드|남성 보컬,중년 남성이 떠오르는,,,,25 - 34,남성,5,1,0,매일 또는 주에 여러번,네,월 1회 이하
2,6fdab3ec-7a58-4272-8,"편안하고 차분한, 부드럽고 몽환적인 배경음과 변칙적인 드럼, 남성 보컬의 조용한 목소리",,편안하고 차분한,드럼|남성 보컬,부드럽고 몽환적인|조용한,배경음,변칙적인,,25 - 34,남성,5,1,0,매일 또는 주에 여러번,네,월 1회 이하
2,7536c885-e926-4f7e-b,"edm스러운 규칙적인 드럼 비트와 전자악기 소리, 시끄럽지 않지만 신나는 분위기, 팝스러운 여성 보컬",edm|pop,신나는,드럼|전자악기|여성 보컬,시끄럽지 않은,,규칙적인 비트,,25 - 34,남성,5,1,0,매일 또는 주에 여러번,네,월 1회 이하
2,291b2f9c-c41b-4ab8-9,"듣기 편안하고 신나는 기타 반주와 컨트리스러운 남성 보컬, 규칙적인 드럼 소리",컨트리스러운,듣기 편안하고|신나는,기타|남성 보컬|드럼,,,반주|규칙적인,,25 - 34,남성,5,1,0,매일 또는 주에 여러번,네,월 1회 이하
2,4ae99a8d-f134-4966-a,"록, 일렉 기타와 키보드 소리, 남성 보컬의 목소리가 잘 들리는 노래, 신나고 하이틴스러운 분위기",록,신나는|하이틴스러운,일렉 기타|키보드|남성 보컬,,,,,25 - 34,남성,5,1,0,매일 또는 주에 여러번,네,월 1회 이하
2,4cd02c55-36e8-46dd-9,"록, 일렉 기타와 드럼 소리가 신나는 분위기를 만들고 가벼운 남성 보컬의 목소리가 잘들리는 음악",록,신나는,일렉 기타|드럼|남성 보컬,가벼운|잘들리는,,,,25 - 34,남성,5,1,0,매일 또는 주에 여러번,네,월 1회 이하
3,8b21762a-c0c3-449e-8,미국권 컨트리 음악을 강하게 연상시키는 이 친근하고 경쾌한 음악은 마치 미국의 서부극에서 카우보이가 부르는 듯한 분위기를 만든다.,컨트리,친근한|경쾌한,,,,,미국|서부극|카우보이,18 - 24,남성,0,2,0,매일 또는 주에 여러번,아니오,
3,97e26fe2-d45a-46b2-8,마치 속삭이는듯한 여성 보컬과 저음 진동?의 리듬은 도시의 밤을 연상케하는 어두운 분위기를 만든다.,,어두운,여성 보컬,속삭이는듯한|저음 진동,,리듬,도시의 밤,18 - 24,남성,0,2,0,매일 또는 주에 여러번,아니오,
3,788859af-9004-4587-b,"느리고 반복적인 리듬과 백그라운드 싱어의 존재, 강한 어투가 묻어나는 감미로운 남성 보컬은 1980년대의 (비영어권)유럽 히트곡들을 연상케 한다",,감미로운,백그라운드 싱어|남성 보컬,강한 어투,,느리고 반복적인 리듬,1980년대의 비영어권 유럽 히트곡들을 연상케 한다,18 - 24,남성,0,2,0,매일 또는 주에 여러번,아니오,
3,55300023-5c40-490e-9,"20세기의 뮤지컬이 연상되는 여성 보컬, 효과음, 백그라운드 음악. 마치 무대에서 공연하는듯한 소리가 극장/디즈니 영화 같은 당찬 분위기를 만든다.",뮤지컬,당찬,여성 보컬|효과음,무대에서 공연하는듯한,백그라운드 음악|극장|디즈니 영화 같은,20세기의,,18 - 24,남성,0,2,0,매일 또는 주에 여러번,아니오,
3,6067225b-504a-46e1-8,"유로비트가 강하게 연상되는 비트, 가사, 매우 빠른 리듬이 상당히 빠른 템포의 노래를 만든다. 마치 레이싱을 하는것같다",유로비트,,,,,매우 빠른 리듬|상당히 빠른 템포,가사|레이싱을 하는것같다,18 - 24,남성,0,2,0,매일 또는 주에 여러번,아니오,
3,304f77ae-6961-4c73-b,"EDM 느낌의 비트와 현대적인 효과음, 후크 부분으로 추정되는 반복적이고 중독적인 노래. 클럽에 있는 분위기를 내는 경쾌한 무드가 위주다",edm,경쾌한,,현대적인,클럽,비트|반복적이고 중독적인|후크,,18 - 24,남성,0,2,0,매일 또는 주에 여러번,아니오,
3,42ef4a9a-164f-480e-9,저음 위주의 일렉 기타 소리와 함께 절박한 느낌의 남성 솔로 보컬. 반복적인 리듬과 저음의 조화로 매우 우중충한 분위기가 남,,절박한|우중충한,일렉 기타|남성 솔로 보컬,저음 위주의,,반복적인 리듬|저음의 조화,,18 - 24,남성,0,2,0,매일 또는 주에 여러번,아니오,
3,45aa2509-8554-4bf3-8,전형적인 록 밴드의 거친 분위기가 강하게 느껴지는 노래. 강력한 일렉기타 소리와 드럼 난타와 거친 보컬은 록 밴드 공연을 직관하는 뜨거운 분위기를 만든다,록,뜨거운,일렉기타|드럼|보컬,거친|강력한,공연,,전형적인 록 밴드,18 - 24,남성,0,2,0,매일 또는 주에 여러번,아니오,
3,04834f9a-eb2e-48b4-9,"감미로운 남성 보컬와 기타 소리의 조화, 아련한 리듬과 효과음은 현대적인 해석이 들어간 (영어권)컨트리 음악을 연상케 한다.",컨트리,아련한,남성 보컬|기타|효과음,감미로운|현대적인,,리듬|조화,영어권,18 - 24,남성,0,2,0,매일 또는 주에 여러번,아니오,
3,0e4f6e42-e8a1-4618-9,웅장한 오케스트라가 마치 극장 바로 앞에서 직관하는듯한 분위기를 만든다. 웅장하고도 감미로운 클래식 음악은 마치 압도적인 자연 풍경을 앞둔것 같다,클래식,웅장한|감미로운|압도적인,오케스트라,,,,극장 바로 앞에서 직관하는듯한 분위기|자연 풍경,18 - 24,남성,0,2,0,매일 또는 주에 여러번,아니오,
4,ee070cac-0af1-4d86-9,여성 보컬의 팝 음악. 밴드 악기와 보컬이 잘 어우러져있고 노래를 잘 하는 보컬이 특징인 음악.,팝,,여성 보컬|밴드 악기|보컬,,,잘 어우러져있는,,25 - 34,남성,24,24,2,매일 또는 주에 여러번,네,매일 또는 주에 여러번
4,e66caf62-70ce-418a-8,남성 랩퍼의 영어 랩. 어두운 느낌의 비트와 무거운 느낌의 랩이 특징인 음악.,rap,어두운,남성 랩퍼,무거운,,비트,영어 랩,25 - 34,남성,24,24,2,매일 또는 주에 여러번,네,매일 또는 주에 여러번
4,e0aea9d2-f3fe-4e97-a,영어 남성 보컬의 랩 음악. 전형적인 올드스쿨 힙합 비트에 80년대 힙합 뮤비가 생각나는 음악.,랩|올드스쿨 힙합|80년대 힙합,,남성 보컬,,,전형적인 비트,영어|힙합 뮤비가 생각나는,25 - 34,남성,24,24,2,매일 또는 주에 여러번,네,매일 또는 주에 여러번
4,86bd408c-0cf2-4f86-a,신나는 댄스음악. 쉬운 맬로디와 반복적인 맬로디로 드라이브할때 라디오에서 나올 것 같은 음악.,댄스음악,신나는,,,드라이브할때 라디오에서 나올 것 같은 음악,쉬운 멜로디|반복적인 멜로디,,25 - 34,남성,24,24,2,매일 또는 주에 여러번,네,매일 또는 주에 여러번
4,82297794-bd7d-4718-9,영화음악 느낌의 오케스트라 곡. 신비롭고 웅장한 분위기 현악기와 분위기를 고조시키는 관악기가 특징인 곡.,,신비로운|웅장한,오케스트라|현악기|관악기,,영화음악,분위기를 고조시키는,,25 - 34,남성,24,24,2,매일 또는 주에 여러번,네,매일 또는 주에 여러번
4,75bc4c3d-4d24-4d21-a,신나는 EDM 음악. 천천히 진행되는 빌드업과 클럽이나 드라이브가 생각나는 음악.,edm,신나는,,,클럽|드라이브,천천히 진행되는 빌드업,,25 - 34,남성,24,24,2,매일 또는 주에 여러번,네,매일 또는 주에 여러번
4,6dfa3eea-e6cf-46fb-a,어두운 느낌의 펑크 록 음악. 가죽 자켓 입은듯한 밴드가 그려지는 음악.,펑크 록,어두운 느낌,,,,,가죽 자켓 입은듯한 밴드,25 - 34,남성,24,24,2,매일 또는 주에 여러번,네,매일 또는 주에 여러번
4,754c7a3c-64af-4a19-8,신나는 테크노 음악. 로봇 소리같은 보컬과 신나는 드럼 그리고 좌 우 를 오가는 전자 악기 소리가 특징.,테크노,신나는,보컬|드럼|전자 악기,로봇 소리같은,,좌 우 를 오가는,,25 - 34,남성,24,24,2,매일 또는 주에 여러번,네,매일 또는 주에 여러번
4,33858c28-6c40-43d6-9,기타 연주곡. 80년대 배경의 할리우드 영화에 등장할법한 오토바이 주행 씬이 생각나는 음악.,,,기타,,80년대 배경의 할리우드 영화,연주곡,오토바이 주행 씬,25 - 34,남성,24,24,2,매일 또는 주에 여러번,네,매일 또는 주에 여러번
4,3a5cb7e8-d45f-481e-b,신나는 비트와 허스키한 여성 보컬이 특징인 음악. 패스티벌장에서 나올것 같은 느낌의 음악.,,신나는,여성 보컬,허스키한,패스티벌장,비트,,25 - 34,남성,24,24,2,매일 또는 주에 여러번,네,매일 또는 주에 여러번
5,c7af0ea9-f546-4f26-b,"약간은 복잡한 멜로디를 쓰면서도 이상하지는 않은, 특이한 감성이 느껴지는 남성 밴드음악, 후반부에 남성 보컬과 백킹 보컬들이 존재함",밴드음악,특이한 감성,남성 보컬|백킹 보컬,,,약간은 복잡한 멜로디|후반부,,25 - 34,남성,22,7,3,매일 또는 주에 여러번,네,한두 번 사용해 봤지만 정기적으로 사용하지 않음
5,b81b00c3-f3c4-4ba7-8,"다소 빠르면서도 컨트리 음악 느낌이 나는 남성 보컬 곡, 보컬이 여러겹이 쌓여있어서 보컬튠 느낌이 나는 것이 특징",컨트리,,남성 보컬,보컬튠 느낌,,다소 빠른|보컬이 여러겹이 쌓여있는,,25 - 34,남성,22,7,3,매일 또는 주에 여러번,네,한두 번 사용해 봤지만 정기적으로 사용하지 않음
5,ae86cd19-fca5-4ad7-b,여름과 스포츠에 어울릴듯한 신나고 거칠면서도 청량한 느낌의 남성 밴드 곡,,신나는,남성 밴드,거친|청량한,스포츠,,여름,25 - 34,남성,22,7,3,매일 또는 주에 여러번,네,한두 번 사용해 봤지만 정기적으로 사용하지 않음
5,5de77170-9628-498c-8,"피아노, 베이스, 드럼으로 경쾌하게 시작하는 오래된 음질의 재즈 보컬 음악, 두명의 보컬중 고음 파트의 보컬은 중성적임",재즈,경쾌하게,피아노|베이스|드럼|재즈 보컬|두명의 보컬|고음 파트 보컬,오래된 음질의|중성적임,,,,25 - 34,남성,22,7,3,매일 또는 주에 여러번,네,한두 번 사용해 봤지만 정기적으로 사용하지 않음
5,61375a85-29d0-4b45-9,약간 올드한 느낌이 나는 강한 킥을 베이스로 하는 드럼과 전자음으로 구성된 남성 밴드 곡,,약간 올드한 느낌,강한 킥을 베이스로 하는 드럼|전자음|남성 밴드,,,,,25 - 34,남성,22,7,3,매일 또는 주에 여러번,네,한두 번 사용해 봤지만 정기적으로 사용하지 않음
5,754ad4a8-b85d-430a-8,"세련되면서도 재미있는 스타일의 남성 팝송, 기타, 드럼, 신디로 사운드가 채워지며 곡 안에서 다양한 구간이 나눠짐",팝송,재미있는,남성 보컬|기타|드럼|신디,세련된,,사운드가 채워지는|다양한 구간이 나눠짐,,25 - 34,남성,22,7,3,매일 또는 주에 여러번,네,한두 번 사용해 봤지만 정기적으로 사용하지 않음
5,31e86412-c270-4bcb-8,남성 보컬들과 일렉기타와 드럼이 메인 악기로 구성된 신나고 빠른 밴드곡,밴드곡,신나는,남성 보컬들|일렉기타|드럼,,,빠른,,25 - 34,남성,22,7,3,매일 또는 주에 여러번,네,한두 번 사용해 봤지만 정기적으로 사용하지 않음
5,0f2e29c0-780e-45ae-b,"터프한 남성 랩으로 구성된 신나는 힙합곡, 비트와 적절한 추임새가 인상적임",힙합,신나는,남성 랩,터프한,,비트|적절한 추임새,,25 - 34,남성,22,7,3,매일 또는 주에 여러번,네,한두 번 사용해 봤지만 정기적으로 사용하지 않음
5,1fcc61c5-7033-469e-9,"신선한 전자음을 메인으로 구성된, 다채로운 음정이 사용되고 터프하면서도 힙한 곡",,힙한,전자음,신선한|터프한,,다채로운 음정,,25 - 34,남성,22,7,3,매일 또는 주에 여러번,네,한두 번 사용해 봤지만 정기적으로 사용하지 않음
5,1fce4fac-fe02-42f3-9,유럽의 밤거리 속에 있는 재즈바에서 연주될 법한 몽환적이면서도 우수에 젖은 곡,재즈,우수에 젖은,,몽환적인,재즈바에서 연주될 법한,,유럽의 밤거리,25 - 34,남성,22,7,3,매일 또는 주에 여러번,네,한두 번 사용해 봤지만 정기적으로 사용하지 않음
6,e7de29c9-e9dd-4a06-a,잔잔한 반복적인 배경 음악이 있고 남자가 노래하기 보다는 말하는 것에 가까움.,,잔잔한,남성 보컬,,배경 음악,반복적인,말하는 것에 가까운 보컬,18 - 24,남성,0,0,0,매일 또는 주에 여러번,네,한두 번 사용해 봤지만 정기적으로 사용하지 않음
6,be9d0001-9386-4d1a-b,"클래시컬한 반복적인 바이올린 연주 위에 노래하는 여자. 연주는 빠르지만, 노래는 느리다.",클래시컬한,,바이올린|여자 보컬,,,반복적인|빠른 연주|느린 노래,,18 - 24,남성,0,0,0,매일 또는 주에 여러번,네,한두 번 사용해 봤지만 정기적으로 사용하지 않음
6,b63b2d28-ca13-4ae8-b,신비로운 분위기를 연출하는 잔잔한 음악. 소리의 변화가 별로 없는 것이 특징. 영화에서 자연을 나타낼 때 쓸 법 한 음악.,,신비로운,,잔잔한,영화|자연을 나타낼 때,소리의 변화가 별로 없는,,18 - 24,남성,0,0,0,매일 또는 주에 여러번,네,한두 번 사용해 봤지만 정기적으로 사용하지 않음
6,a6971245-b52e-472d-a,굉장히 강한 일렉 기타가 특징. 드럼과 남성 강한 목소리의 남성 보컬도 나옴.,,,일렉 기타|드럼|남성 보컬,굉장히 강한|강한 목소리,,,,18 - 24,남성,0,0,0,매일 또는 주에 여러번,네,한두 번 사용해 봤지만 정기적으로 사용하지 않음
6,9481c38d-df7b-42cc-b,영화에서 웅장한 분위기를 연출할 때 사용될 법한 음악. 처음에는 조용하다가 점점 소리가 고조되는게 특징.,,웅장한,,,영화,처음에는 조용하다가 점점 소리가 고조되는,,18 - 24,남성,0,0,0,매일 또는 주에 여러번,네,한두 번 사용해 봤지만 정기적으로 사용하지 않음
6,8138a78a-f4ba-4f69-b,슬픈 분위기의 클래시컬한 연주. 영화에서 슬픈 장면을 모샤할 때 나올 법함.,클래시컬,슬픈,,,영화,연주,슬픈 장면,18 - 24,남성,0,0,0,매일 또는 주에 여러번,네,한두 번 사용해 봤지만 정기적으로 사용하지 않음
6,7606dd90-1f55-4f82-8,"힙합/랩 장르의 노래. 남자의 빠르게 랩하다가 느리게 랩한다. 느린 랩, 빠른 랩 순으로 진행되며, 각 부분의 가사가 똑같다.",힙합|랩,,남성 랩,,,빠르게 랩하다가 느리게 랩한다|느린 랩 빠른 랩 순으로 진행|각 부분의 가사가 똑같다,,18 - 24,남성,0,0,0,매일 또는 주에 여러번,네,한두 번 사용해 봤지만 정기적으로 사용하지 않음
6,6eec1cc9-81f9-40d3-9,남자가 소리지르 듯이 노래하고 실제로 소리도 질름. 강한 일렉 기타가 있고 록 음악 같음.,록,,남성 보컬|일렉 기타,강한,,,소리지르듯이 노래|실제로 소리도 지름,18 - 24,남성,0,0,0,매일 또는 주에 여러번,네,한두 번 사용해 봤지만 정기적으로 사용하지 않음
6,42f15631-a541-4b30-8,굉장히 강한 남성 목소리와 일렉 기타. 일렉 기타는 애니메이션 전투씬에서 나올 법함.,,굉장히 강한,남성 목소리|일렉 기타,,애니메이션 전투씬,,,18 - 24,남성,0,0,0,매일 또는 주에 여러번,네,한두 번 사용해 봤지만 정기적으로 사용하지 않음
6,25e7176b-dcd9-4b4b-8,"다양한 여성의 목소리가 나오는 오묘한 분위기의 노래. 배경의 반복적인 비트가 있지만, 한 여성의 목소리가 항상 노래의 포커스다.",,오묘한 분위기,다양한 여성의 목소리|한 여성의 목소리,,,반복적인 비트,,18 - 24,남성,0,0,0,매일 또는 주에 여러번,네,한두 번 사용해 봤지만 정기적으로 사용하지 않음
7,246bf3fe-a489-4545-a,피아노 선율을 배경으로 여성 보컬이 너와 나 사이의 관계를 다루는 음악,,,피아노|여성 보컬,,배경,선율,너와 나 사이의 관계,25 - 34,남성,2,4,0,매일 또는 주에 여러번,아니오,
7,f5e3d294-de4a-4be3-9,영화의 클라이막스에 나올법하며 대규모 전투 배경음악에 어울리는 웅장한 오케스트라 음악으로 몰입감을 높여주고 있음,오케스트라,웅장한,,,영화의 클라이막스|대규모 전투 배경음악,,,25 - 34,남성,2,4,0,매일 또는 주에 여러번,아니오,
7,ea2b91c4-07d0-45b2-b,강렬한 락 음악으로 드럼과 기타소리가 보컬과 함께 어우러지며 애절한 느낌을 줌,락,애절한,드럼|기타|보컬,강렬한,,,,25 - 34,남성,2,4,0,매일 또는 주에 여러번,아니오,
7,df09d518-7cb4-43d2-b,랩 음악으로 벨소리와 같은 배경음악이 보컬 뒤에서 포인트를 주어 박자를 타게 함,랩,,보컬,벨소리와 같은,배경음악,박자를 타게 함,,25 - 34,남성,2,4,0,매일 또는 주에 여러번,아니오,
7,9a2bd396-3954-4d40-b,프랑스어로 생각되는 남자 보컬이 처음 듣는 스타일의 음악 스타일로 노래하고 있음,,,남자 보컬,,,,프랑스어 가사,25 - 34,남성,2,4,0,매일 또는 주에 여러번,아니오,
7,56ea63b7-77b6-401b-a,스트릿 음악으로 생각되는 랩으로 반복되는 배경 속에 남성 보컬이 랩을 이어나가고 있음,스트릿 음악|랩,,남성 보컬,,배경,반복되는,,25 - 34,남성,2,4,0,매일 또는 주에 여러번,아니오,
7,45b5e210-3659-4726-9,매우 강렬한 락 스타일로 시작하여 경쾌한 비트가 주를 이루는 음악,락,,,매우 강렬한,,경쾌한 비트,,25 - 34,남성,2,4,0,매일 또는 주에 여러번,아니오,
7,4e733c89-a6a1-4094-8,신비한 전자음을 배경으로 여성 보컬이 함께 신비롭게 노래하며 도시에서의 생활을 다루고 있음,,신비한|신비롭게,전자음|여성 보컬,,배경,,도시에서의 생활,25 - 34,남성,2,4,0,매일 또는 주에 여러번,아니오,
7,04a39cf5-a7c3-4d9b-8,1900년대 째즈풍의 음악으로 헨리 8세 왕을 주제로 하는 보컬이 함께 등장함,째즈풍,,보컬,,,1900년대,헨리 8세 왕,25 - 34,남성,2,4,0,매일 또는 주에 여러번,아니오,
7,12c3b33c-37c3-42e9-b,정글이 생각나는 다양한 신비한 효과음을 배경으로 강력한 여성 보컬이 랩을 하고 있는 음악,랩,신비한,여성 보컬|효과음,강력한,배경음악,,정글이 생각나는,25 - 34,남성,2,4,0,매일 또는 주에 여러번,아니오,
8,db477bec-7b99-4ca2-8,"두 남자가 서로 마줘보고 앉아서 걍 그윽히
쳐다봄. 그냥 지친듯함",,그윽한|지친듯한,,,,,두 남자가 서로 마주보고 앉아 쳐다봄,18 - 24,남성,5,1,10,매일 또는 주에 여러번,아니오,
8,cdb23f80-6a13-4777-8,넷플릭스 로맨스 시리즈에 나올법한 전형적인 백그라운드 뮤직. 베드신으로 이어지는 노래 근데 막 explicit 하지는 않은 약간에 소프트한,,로맨틱한|소프트한,,,넷플릭스 로맨스 시리즈|백그라운드 뮤직,,베드신으로 이어지는|explicit 하지는 않은,18 - 24,남성,5,1,10,매일 또는 주에 여러번,아니오,
8,b7aa837e-a53b-4f8a-9,그건…나였어…! 끝 하고 이제 엔딩 장면 놔야됨. 그리고 배우들끼리 엔딩 크레뎃 옆에서 서루 춤추는 장면 나와야함,,,,,엔딩 장면|엔딩 크레딧,,그건 나였어|배우들끼리 춤추는 장면,18 - 24,남성,5,1,10,매일 또는 주에 여러번,아니오,
8,959ae3b5-07a9-464c-8,하하.. 그랬구만.근데 뭐가 중요하지 결국엔.. 하고 이제 하하하 웃으면서 길거리를 걸어가는 20대 남자아이가 보임.,,,,,,,20대 남자아이|웃으면서 길거리를 걸어가는,18 - 24,남성,5,1,10,매일 또는 주에 여러번,아니오,
8,8235499a-b4cf-4189-9,예를들어 분노의 질주 맴버들이 그래 사우디로 가자! 해서 사우디로 가는 장면. 이제 거기서 폭탄 해체할 수 있는 코드가 들어있는 장비를 찾기위해 화련한 옷을 입고 클럽에 들어감. 카지노가 보임,,,,,,,,18 - 24,남성,5,1,10,매일 또는 주에 여러번,아니오,
8,77c467d4-d021-4b6e-b,미국 대형/트럭 자동차 광고 음악. 석양이 보이고 하얀자동차가 사막을 지나가는 영상과 털이 덥수룩한 남자가 나옴,,,,,,,,18 - 24,남성,5,1,10,매일 또는 주에 여러번,아니오,
8,2b52b4c3-c6fb-47b5-b,와우 난 짱 멋쪙:)!! 할 것 같은 여주가 자신감을 얻어서 막 뛰어댕기는 장면이 나와야함,,,,,,,,18 - 24,남성,5,1,10,매일 또는 주에 여러번,아니오,
8,2eb94ad9-fe4a-4c6e-9,흑인 백인둘이서 사견을 해결하기 위해 갱단이 활동히는 구역에 돌아댕기는 신,,,,,,,흑인 백인 둘이 사견을 해결하기 위해 갱단이 활동하는 구역을 돌아다니는 장면,18 - 24,남성,5,1,10,매일 또는 주에 여러번,아니오,
8,34c793a1-0af4-469e-9,동양 영화나 시리즈에서 대레 나올법한 유러피안 노래. 상반된 느낌의 장면이 나와야함. 누가 누굴 죽이는 장면이라던가 고독히 쓸쓸하게 죽어갈때,유러피안,상반된 느낌의|고독히|쓸쓸하게,,,영화|시리즈,,누가 누굴 죽이는 장면|죽어가는 장면,18 - 24,남성,5,1,10,매일 또는 주에 여러번,아니오,
8,3c41851f-03a5-464c-9,2000년대 초반에 만든 8/90년대 노래. 디스코풍에 옛스러운 고풍 머리스타일을 한 남자가 나와서 춤출 것 같음,디스코,,,옛스러운|고풍,춤출 것 같음,2000년대 초반|8/90년대,머리스타일을 한 남자,18 - 24,남성,5,1,10,매일 또는 주에 여러번,아니오,
9,f8439571-23e6-4c8a-9,"^\s*(\S+\s+){9,}\S+\s*$",,,,,,,,18 - 24,남성,14,3,0,매일 또는 주에 여러번,아니오,
9,e89bff81-fa30-4d94-8,6-70년대를 배경으로 한 컨트리풍 음악의 정수. 텍사스의 사막 지대 한가운데에 있는 국도 변의 오래된 다이너에서 나올 법한 음악.,컨트리풍,,,,배경,,6 70년대|텍사스의 사막 지대|국도 변의 오래된 다이너,18 - 24,남성,14,3,0,매일 또는 주에 여러번,아니오,
9,d2c86c3d-07fc-4390-8,약간의 우울증을 앓는 미국 대학생이 땅거미가 지는 저녁 때 즈음 캠퍼스를 떠나 다운타운을 정처없이 떠돌다 지하도로 내려가는 계단에 걸터앉아 마리화나를 피면서 들을 것 같은 노래,,약간의 우울증,,,,,미국 대학생|땅거미가 지는 저녁|캠퍼스를 떠나 다운타운을 정처없이 떠돎|지하도로 내려가는 계단에 걸터앉음|마리화나를 피면서 들을 것 같은 노래,18 - 24,남성,14,3,0,매일 또는 주에 여러번,아니오,
9,d2bec18a-bac3-48cb-b,진보적인 색채를 가진 미국의 대형 주립대학 캠퍼스에서 이어폰을 끼고 완연한 봄이 찾아온 교정을 거니는 대학생이 듣는 듯한 음악.,,완연한 봄,,,이어폰을 끼고 교정을 거니는 대학생이 듣는 듯한 음악,,진보적인 색채를 가진 미국의 대형 주립대학 캠퍼스|대학생|봄이 찾아온 교정,18 - 24,남성,14,3,0,매일 또는 주에 여러번,아니오,
9,9a12553b-7ae1-4e35-9,"약간의 사이버펑크 분위기가 있지만 배경이 미래인 것은 아니다. 미래 지향적인 컨셉을 가진 도시나 건물에서 거대 미래 기업의 컨퍼런스가 이루어지고 있고, 부유한 주최자가 등장하며 백그라운드 음악으로 깔릴 것 같은 노래.",사이버펑크,,,미래 지향적인,백그라운드 음악|컨퍼런스,,도시|건물|거대 미래 기업|부유한 주최자,18 - 24,남성,14,3,0,매일 또는 주에 여러번,아니오,
9,876c1749-d348-48e6-a,독일 베를린 지역의 어느 지하 스테이지에서 이러한 장르의 음악을 좋아하는 2-30대들이 모여 어둠 속의 정신없는 조명 아래에서 손에는 맥주 한 캔을 들고 느리게 춤을 추며 듣는 듯한 노래,,어둠 속|정신없는,,,느리게 춤을 추며 듣는,,독일 베를린 지역|지하 스테이지|2-30대|맥주 한 캔,18 - 24,남성,14,3,0,매일 또는 주에 여러번,아니오,
9,6045b0b6-6270-465c-9,이집트의 피라미드가 멀리 보이는 작은 도시에서 모험을 떠나기 전 잠깐의 휴식을 취하는 듯한 느낌의 음악. 눈앞에 보이는 풍경은 고대이지만 음악의 시점은 현재로서 신구가 조화된 느낌을 선사.,,잠깐의 휴식을 취하는 듯한|신구가 조화된,,,,,이집트의 피라미드|작은 도시|모험을 떠나기 전|고대와 현재가 공존하는 풍경,18 - 24,남성,14,3,0,매일 또는 주에 여러번,아니오,
9,4e5af4be-1277-4097-9,히스패닉과 흑인 문화가 혼합된 미국 서부의 어느 지역에서 벌어지는 야외 파티에서 배경음악으로 들릴 만한 노래.,,,,,배경음악,,히스패닉과 흑인 문화가 혼합된 미국 서부의 어느 지역|야외 파티,18 - 24,남성,14,3,0,매일 또는 주에 여러번,아니오,
9,0244da5b-f3c0-49b4-b,영화 <노팅 힐>의 로맨틱한 감성과 2020년대 핫플레이스의 세련됨이 가미된 런던 중심부에서 모던한 복장의 젊은 여성이 길을 걸어가며 듣는 듯한 노래,,로맨틱한|세련된,,,영화적,,영화 노팅 힐|2020년대 핫플레이스|런던 중심부|모던한 복장의 젊은 여성|길을 걸어가며 듣는 듯한 노래,18 - 24,남성,14,3,0,매일 또는 주에 여러번,아니오,
9,0d11dd6d-73de-4101-a,작열하는 태양 아래 버려진 군용 활주로에 난입한 혈기왕성한 청년들이 중고 올드카를 타고 질주하며 배경음악으로 높은 데시벨로 틀어놓을 것 같은 노래,,혈기왕성한,,높은 데시벨,배경음악,,작열하는 태양 아래 버려진 군용 활주로|청년들|중고 올드카|질주,18 - 24,남성,14,3,0,매일 또는 주에 여러번,아니오,
10,fa94bad4-6431-40a7-9,"그래피티로 뒤덮인 시멘트 외장벽, 허리춤에 체크셔츠를 두르고, 후줄근한 배기바지를 입은 사람들이 춤 대결을 하고 있을 것 같다. 헤드폰을 착용했으며 머리 스타일은 레게 머리나 비니를 쓰고있을것 같다. 분위기는 전반적으로 텐션이 높지만 페스티벌 정도는 아니며 그냥 동네에 있는 공원이 떠오른다.",,텐션이 높은,,,,,그래피티로 뒤덮인 시멘트 외장벽|체크셔츠를 허리춤에 두른 사람들|후줄근한 배기바지를 입은 사람들|춤 대결|헤드폰|레게 머리|비니|동네 공원,25 - 34,여성,2,0,0,매일 또는 주에 여러번,아니오,
10,f87d8dbf-83a9-4c58-a,"도입부는 올림픽 주제가 같다. 한국의 러브홀릭스<butterfly>가 떠오른다. 
하늘과 맞닿아 있는 대지에서 자유롭게 두팔 벌린채 노래를 부르는 밴드가 떠오른다.",,자유로운,밴드,,올림픽 주제가,도입부,한국의 러브홀릭스 butterfly가 떠오른다|하늘과 맞닿아 있는 대지에서 두팔 벌린채 노래를 부르는,25 - 34,여성,2,0,0,매일 또는 주에 여러번,아니오,
10,e0cf5438-5034-4112-8,"8-90년대 분위기가 떠오른다. 남자 댄서가 비가 오는 추적추적한 거리에서 흰색 나시, 회색후드티를 입고 통 넓은 찢어진 청바지에 줄 이어폰까지 낀 채로 분위기를 잡으며 간드러지게 춤을 추는 장면이 생각난다.",,추적추적한|분위기를 잡는|간드러지게,,,,8090년대 분위기,남자 댄서|비가 오는 거리|흰색 나시|회색 후드티|통 넓은 찢어진 청바지|줄 이어폰|춤을 추는 장면,25 - 34,여성,2,0,0,매일 또는 주에 여러번,아니오,
10,b0f6dcc3-7aeb-4d48-9,"비싼 차, 금 목걸이, 선글라스, 엉거주춤한 자세로 멋있는척 느낌을 풍기는 래퍼들. 주변에 현금 다발을 쌓아두고 뿌리는 시늉을 할 것 같다. 촬영 현장으로 세팅된 분위기.",랩,멋있는척,,,,,비싼 차|금 목걸이|선글라스|엉거주춤한 자세|래퍼들|현금 다발|촬영 현장,25 - 34,여성,2,0,0,매일 또는 주에 여러번,아니오,
10,9e8106ce-2e4a-450c-8,미국 방송사 도입부 음악. 혹은 넓고 차가운 대형마트 씨엠쏭으로 사용될 것 같은 분위기로 시작 되다가 갑자기 니켈로디언의 애니메이션에서 주로 사용되는 등장인물 설명 음악으로 변주된다.,,넓고 차가운,,,미국 방송사 도입부 음악|대형마트 씨엠쏭|니켈로디언 애니메이션 등장인물 설명 음악,분위기로 시작 되다가 갑자기 변주된다,,25 - 34,여성,2,0,0,매일 또는 주에 여러번,아니오,
10,86b81fdf-9b70-4200-a,뮤지컬 맘마미아가 떠오르는 분위기. 청량한 바닷가에서 드라이브 하는 기분. 혹은 응원가 같은 활기가 느껴진다.,뮤지컬,청량한|활기,,,응원가,,맘마미아|바닷가 드라이브,25 - 34,여성,2,0,0,매일 또는 주에 여러번,아니오,
10,7e425ed4-399b-4c72-a,"미국 락밴드, 부모님의 젊었을때 유행했던 음악. 열성적인 무대와 관객의 환호가 떠오른다. 그러면서도 동시에 묘하게 울적하고 쳐지기도 한다.",락,열성적인|울적한|쳐지는,,,,,미국 락밴드|부모님의 젊었을때 유행했던 음악|무대와 관객의 환호,25 - 34,여성,2,0,0,매일 또는 주에 여러번,아니오,
10,5583d3b7-8692-4c18-8,뮤지컬에서 주인공이 등장하는 씬이 떠오른다. 그 주인공은 되게 작고 몽실몽실한 강아지들 인것 같다. 어두운 뒷골목에서 조명이 주인공에게 비춰지고 위풍당당하게 나선다. 15초부터 반짝거리는 목재 무대와 붉은 커튼으로 장식된 분위기로 전환된다.,뮤지컬,위풍당당한|어두운,,반짝거리는,씬,15초부터 전환,주인공 등장|작고 몽실몽실한 강아지들|어두운 뒷골목|조명이 주인공에게 비춰짐|목재 무대|붉은 커튼,25 - 34,여성,2,0,0,매일 또는 주에 여러번,아니오,
10,7279ca60-c53e-4913-a,"디즈니랜드나 유니버셜스튜디오 같은 놀이공원 라이드에서 틀을 법한 분위기이다. 누가 들어도 어른의 목소리와 배경음악이지만 sweet man muffin man, make children smile이라는 가사 때문에 테마파크가 떠오른다. 실제로는 안신나는데 신나는 척을 하는 분위기다.",,신나는 척을 하는|실제로는 안신나는,어른의 목소리,,배경음악|테마파크|놀이공원 라이드,,sweet man muffin man make children smile|children smile,25 - 34,여성,2,0,0,매일 또는 주에 여러번,아니오,
10,22c95ed0-8f48-4e40-a,"미국 팝송. 어두운 금발 긴 생머리의 서양인 여자가 촬영 세트장의 중심, 핀 조명 아래에서 노래를 부르고 있을것 같다. 분위기는 좋지도 나쁘지도 않다. 본인에 심취해 있다.",팝,좋지도 나쁘지도 않은|본인에 심취한,,,,,미국|어두운 금발 긴 생머리의 서양인 여자|촬영 세트장의 중심|핀 조명 아래에서 노래를 부름,25 - 34,여성,2,0,0,매일 또는 주에 여러번,아니오,
11,c2eccd6c-3c7f-4e67-9,소울풀한 남성 보컬이 어쿠스틱 기타 한 대와 함께 블루스를 연주한다. 정통 블루스에서 잘 다루지 않는 주제: 일본의 도시 히로시마와 히로시마의 맛에 대한 이야기를 하는데 가사가 마치 망가진 듯하다.,블루스,,남성 보컬|어쿠스틱 기타,소울풀한,,,일본의 도시 히로시마|히로시마의 맛|망가진 듯한 가사,25 - 34,남성,24,7,13,매일 또는 주에 여러번,아니오,
11,a73408ef-f0f9-4280-8,"허스키한 러시아어 여성 보컬. 어쿠스틱 기타 반주가 주가 되고, 근음 위주의 베이스 기타가 정박에 찍혀있다. 코러스 파트에서는 쉐이커가 등장하고, 여성 보컬도 더블링으로 포인트를 준다.",,,러시아어 여성 보컬|어쿠스틱 기타|베이스 기타|쉐이커|여성 보컬 더블링,허스키한,,반주가 주가 되는|근음 위주의|정박에 찍혀있는|코러스 파트,,25 - 34,남성,24,7,13,매일 또는 주에 여러번,아니오,
11,9a30a0c9-b192-4113-b,허스키한 남성 보컬의 블루스. 메인이 되는 어쿠스틱 기타 연주 주위로 단발적인 슬라이드 기타 소리들이 채워진 사운드.,블루스,,남성 보컬|어쿠스틱 기타|슬라이드 기타,허스키한|단발적인,,메인이 되는,,25 - 34,남성,24,7,13,매일 또는 주에 여러번,아니오,
11,97674f07-7bc3-404e-9,드라마틱한 남성 보컬의 팝 록. 뮤즈와 이매진 드래곤즈에 영향을 받은 것 같은 편성과 보컬 스타일. 남성 보컬은 아주 두텁게 멀티트래킹이 되어있다. 벌스와 프리코러스에서 점점 고조시키다가 코러스에서 일렉기타 wall of sound가 들어오면서 꽉찬 사운드가 된다.,팝 록,드라마틱한,남성 보컬|일렉기타,아주 두텁게 멀티트래킹된|wall of sound|꽉찬,,벌스|프리코러스|코러스|점점 고조시키다가,,25 - 34,남성,24,7,13,매일 또는 주에 여러번,아니오,
11,957d1ef7-7bd1-4d9a-a,90년대 말 또는 2000년대 초반 스타일의 알앤비. 여성 메인 보컬과 여성 백그라운드 보컬. 베이스 기타와 드럼 비트가 강조된 그루비한 사운드.,알앤비,,여성 메인 보컬|여성 백그라운드 보컬|베이스 기타|드럼 비트,그루비한,,90년대 말 또는 2000년대 초반 스타일,,25 - 34,남성,24,7,13,매일 또는 주에 여러번,아니오,
11,8399844f-3c3d-44c7-b,"전체적으로 (로우 패스 되어서) 고음역대가 깎인 음향의 펑크 록. 기타 한 대, 베이스 기타 한 대, 드럼셋의 아주 단순한 구성. 기타 앰프의 노이즈까지 제거하지 않고 그대로 녹음된 아주 날 것 그대로의 사운드를 추구하고 있다. 남성 보컬은 멜로디가 거의 없이 챈트를 하듯이 가사를 소리친다.",펑크 록,,기타|베이스 기타|드럼셋|남성 보컬,로우 패스 되어서 고음역대가 깎인|아주 날 것 그대로의|기타 앰프의 노이즈가 제거되지 않은,,아주 단순한 구성|멜로디가 거의 없이|챈트를 하듯이,,25 - 34,남성,24,7,13,매일 또는 주에 여러번,아니오,
11,4ad18a9e-43ea-4de2-b,달려가는 듯한 분위기. 근데 가사는 의미가 모호하다. 남성 보컬의 팝 펑크. 보컬 디스토션을 지속적으로 사용하는 거친 음색의 목소리. 보컬에는 화음이 있는 더블 트래킹이 종종 들어가있다. 팜 뮤트 파워 코드 위주의 직선적인 일렉기타 연주와 정박에 근음 위주의 단순한 베이스 기타 연주.,팝 펑크,달려가는 듯한 분위기,남성 보컬|일렉기타|베이스 기타,거친 음색|보컬 디스토션,,화음이 있는 더블 트래킹|팜 뮤트 파워 코드 위주의 직선적인 연주|정박에 근음 위주의 단순한 연주,의미가 모호한 가사,25 - 34,남성,24,7,13,매일 또는 주에 여러번,아니오,
11,189707c6-89e6-4846-9,"전체적으로 더블 트래킹 된 남성 보컬. 편성은 미니멀 하지만, 서스테인이 길어서 느리게 깔아주는 신스 사운드 레이어들로 구성된 신비로운 분위기로, ""feel fresh""한 느낌을 전달하려 한다. 스타카토로 음을 짧게 연주하는 리프 위주의 베이스 기타 연주.",,신비로운|fresh,남성 보컬|신스|베이스 기타,,,더블 트래킹|미니멀|서스테인이 긴|느리게 깔아주는|스타카토|리프 위주의,,25 - 34,남성,24,7,13,매일 또는 주에 여러번,아니오,
11,1e28722f-2c5c-474e-a,"일렉기타가 메인인 재즈 퓨전. 받쳐주는 드럼, 베이스, 키보드가 탄산수에서 탄산이 터지듯이 작게 작게 터지는 스타카토 소리들이 산발적으로 퍼진 느낌. 일렉기타도 그에 맞게 어택이 강하고 짧은 피킹으로 반응한다.",재즈 퓨전,,일렉기타|드럼|베이스|키보드,탄산수에서 탄산이 터지듯이 작게 작게 터지는|산발적으로 퍼진 느낌|어택이 강한,,메인인|스타카토|짧은 피킹,,25 - 34,남성,24,7,13,매일 또는 주에 여러번,아니오,
11,1fc27a56-36f6-4a2b-9,으쨔쟈 으쨔쟈 으쨔쟈 으쨔쟈: 전형적인 슬라브계 리듬과 스타일의 신스팝. 직선적인 피치(pitch)의 로보틱한 스타일이 남성 보컬이 신스 사운드 위에 얹혀져있다.,신스팝,,남성 보컬,로보틱한|신스 사운드,,전형적인 슬라브계 리듬과 스타일|직선적인 피치,,25 - 34,남성,24,7,13,매일 또는 주에 여러번,아니오,
12,df0117f3-743c-460c-9,"밴드 사운드를 기반으로, 드럼과 기타가 중심이 되어 빠른 템포로 에너지를 전달하며 활기차고 리드미컬한 분위기가 돋보이는 곡",밴드,활기찬,드럼|기타,,,빠른 템포|에너지를 전달하는|리드미컬한,,18 - 24,남성,10,10,0,매일 또는 주에 여러번,아니오,
12,d2a0689f-4bd9-496a-b,중독성 있는 멜로디와 경쾌한 비트가 어우러진 EDM 팝 스타일의 곡,edm 팝,,,,,중독성 있는 멜로디|경쾌한 비트,,18 - 24,남성,10,10,0,매일 또는 주에 여러번,아니오,
12,c21d9593-e7e4-41fe-b,기타와 드럼을 중심으로 한 강렬한 사운드 위에 힘 있고 거친 보컬이 얹혀진 헤비 록 스타일의 곡,헤비 록,강렬한,기타|드럼|보컬,힘 있고|거친,,,,18 - 24,남성,10,10,0,매일 또는 주에 여러번,아니오,
12,c03a69e7-7bcb-4c85-b,"밴드 사운드, 아날로그 감성의 보컬, 악기 톤과 연주가 어우러지는 곡",,,보컬,밴드 사운드|아날로그 감성의|악기 톤,,연주가 어우러지는,,18 - 24,남성,10,10,0,매일 또는 주에 여러번,아니오,
12,7a6c8429-fbc7-4e0e-b,"기타와 드럼 사운드를 중심으로 전개되는 록 스타일의 곡으로, 강렬한 리듬과 에너지가 조화를 이루며 역동적이고 힘 있는 분위기를 자아내는 트랙",록,역동적이고 힘 있는 분위기,기타|드럼,,,강렬한 리듬,,18 - 24,남성,10,10,0,매일 또는 주에 여러번,아니오,
12,325c3403-d7f7-4fa0-8,"뮤지컬 스타일의 곡으로, 여러 명의 보컬이 조화를 이루며 다이내믹한 악기 구성과 풍부한 편곡이 특징인 트랙",뮤지컬,,여러 명의 보컬,풍부한,,조화를 이루며|다이내믹한 악기 구성|편곡,,18 - 24,남성,10,10,0,매일 또는 주에 여러번,아니오,
12,4ce5fcbf-3111-4a0d-b,"신비롭고 몽환적인 분위기를 중심으로, 반복적인 비트와 전자음이 층을 이루며 전개되는 EDM 스타일의 곡",edm,신비로운,전자음,몽환적인,,반복적인 비트|층을 이루며 전개되는,,18 - 24,남성,10,10,0,매일 또는 주에 여러번,아니오,
12,01d43ee2-c6ff-4b66-a,"보컬을 중심으로 기타와 드럼이 조화를 이루는 곡으로, 안정적인 리듬과 풍부한 멜로디가 함께 어우러져 듣기 편안한 곡",,듣기 편안한,보컬|기타|드럼,,,안정적인 리듬|풍부한 멜로디,,18 - 24,남성,10,10,0,매일 또는 주에 여러번,아니오,
12,0c1cecb1-1601-43cc-8,"록, 뮤지컬 스타일의 곡으로, 감정이 풍부하게 담긴 보컬과 다이내믹한 기타, 드럼 연주",록|뮤지컬,,보컬|기타|드럼,,,다이내믹한,,18 - 24,남성,10,10,0,매일 또는 주에 여러번,아니오,
12,27f40db1-6caa-4c04-a,"드럼 비트가 배경을 채우고, 단순한 리듬 위에 랩 보컬이 흘러가는 여유로운 분위기를 자아내는 곡",랩,여유로운,드럼 비트|보컬,,배경,단순한 리듬,,18 - 24,남성,10,10,0,매일 또는 주에 여러번,아니오,
13,d69d66d4-df72-4002-8,"뮤지컬의 하이라이트를 장식할 것 같은 웅장하고 감동적인 느낌의 노래. 오케스트라와 합창의 배경, 감미로운 테너가 인상적.",뮤지컬,감동적인,오케스트라|합창|테너,감미로운,하이라이트를 장식할 것 같은,웅장한,,25 - 34,남성,7,7,0,매일 또는 주에 여러번,아니오,
13,af1cb15b-e547-4e02-8,초반에 높게 울리는 소리가 남. 반복되는 비트 위에 랩과 함께 코러스가 얹혀짐.,,,랩|코러스,높게 울리는,,초반|반복되는 비트,,25 - 34,남성,7,7,0,매일 또는 주에 여러번,아니오,
13,9a4d75e7-de00-4931-9,지속적으로 반복되는 배경의 소리와 비트가 들림. 흑인 힙합 음악 느낌.,힙합,,,,배경,지속적으로 반복되는|비트,,25 - 34,남성,7,7,0,매일 또는 주에 여러번,아니오,
13,88bf780d-da3b-440d-9,굵은 신디사이저 소리가 주를 이루고 여기에 가늘고 높은 신디 소리도 함께해 마치 SF 영화의 배경음악 같은 느낌이 듦.,,,신디사이저,굵은|가늘고 높은,sf 영화의 배경음악,,,25 - 34,남성,7,7,0,매일 또는 주에 여러번,아니오,
13,7555871e-1973-49c5-b,밤에 혼자 운전하면서 집에 돌아가는 장면에 배경음악으로 쓰일 것 같은 음악. 로우파이이면서 감미롭고 센치한 느낌.,로우파이,감미로운|센치한,,,배경음악,,밤에 혼자 운전하면서 집에 돌아가는 장면,25 - 34,남성,7,7,0,매일 또는 주에 여러번,아니오,
13,6184d460-21d8-4a0c-b,"하이틴 영화에서 친구들과 파티하는 장면이 나오면 나올 것 같은 노래. 특유의 여성 보컬과 여성 코러스, 신나고 밝은 분위기를 갖고 있음.",,신나는|밝은,여성 보컬|여성 코러스,특유의,하이틴 영화,,친구들과 파티하는 장면,25 - 34,남성,7,7,0,매일 또는 주에 여러번,아니오,
13,43d604bc-f7ba-45f9-a,마치 텍사스 로드 하우스에 가면 들릴 것 같은 컨트리 음악. 컨트리 특유의 정겹고 흥겨운 배경과 해상도에서 세월이 느껴지는 남녀 보컬 및 코러스가 인상적.,컨트리,정겹고 흥겨운,남녀 보컬|코러스,해상도에서 세월이 느껴지는,배경,,텍사스 로드 하우스,25 - 34,남성,7,7,0,매일 또는 주에 여러번,아니오,
13,43eef8c0-03fb-483c-8,평화로운 옛날 영화의 도입부를 열 것 같은 클래식한 느낌의 음악. 주로 현악기 소리가 들림.,클래식,평화로운,현악기,옛날 영화의 도입부를 열 것 같은,,,,25 - 34,남성,7,7,0,매일 또는 주에 여러번,아니오,
13,1acbac5c-f315-45df-8,90년대 후반 / 00년대 초반이 떠오르는 R&B 풍의 노래. 굵으면서도 시원하게 고음이 올라가고 가성의 기교가 뛰어난 여성 보컬이 인상적.,r&b,,여성 보컬,굵은|시원하게 고음이 올라가는,,90년대 후반|00년대 초반|가성의 기교가 뛰어난,,25 - 34,남성,7,7,0,매일 또는 주에 여러번,아니오,
13,1c339881-c51b-4318-a,일본 애니메이션에 OST로 등장할 것 같은 풍의 일본 음악. 초반의 빠른 비트와 반복되는 멜로디가 인상적. 여러 명의 보컬들이 함께 부름.,japanese music,,multiple vocals,,ost|anime,fast beat|repetitive melody,,25 - 34,남성,7,7,0,매일 또는 주에 여러번,아니오,
14,af092e6b-dce4-4354-8,영화 초반 재즈바에서 술마시는 주인공 뒤로 음악을 부르고 있는 여성,재즈,,여성 보컬,,영화 초반,,재즈바|술마시는 주인공 뒤로 음악을 부르고 있는 여성,25 - 34,남성,0,0,0,주 1회 또는 월 몇  회,네,한두 번 사용해 봤지만 정기적으로 사용하지 않음
14,a5ac307b-e75d-47b1-9,운동이나 레이싱과 같은 파워풀한 장면에 사용될것같은 흥미를 유발하고 비트감있는 음악,,흥미를 유발하는,,,운동|레이싱|파워풀한 장면,비트감있는,,25 - 34,남성,0,0,0,주 1회 또는 월 몇  회,네,한두 번 사용해 봤지만 정기적으로 사용하지 않음
14,96382602-5e97-430f-9,영화 '매트릭스'와 같이 영화나 드라마의 주인공이 대사가 없는 작업등을 할때 사용될것 같은 음악,,,,,영화나 드라마의 주인공이 대사가 없는 작업등을 할때 사용될것 같은 음악,,영화 매트릭스|주인공|대사가 없는 작업등,25 - 34,남성,0,0,0,주 1회 또는 월 몇  회,네,한두 번 사용해 봤지만 정기적으로 사용하지 않음
14,92374983-b2b0-41a7-b,재즈를 주제로한 미국 영화의 한장면으로 남자 주인공과 여자 주인공이 뮤지컬식의 장면을 보여줄것 같음,재즈|뮤지컬,,,,영화,,미국 영화의 한 장면|남자 주인공과 여자 주인공,25 - 34,남성,0,0,0,주 1회 또는 월 몇  회,네,한두 번 사용해 봤지만 정기적으로 사용하지 않음
14,85c89132-e0ce-42d5-9,. . . . . . . . . .,,,,,,,,25 - 34,남성,0,0,0,주 1회 또는 월 몇  회,네,한두 번 사용해 봤지만 정기적으로 사용하지 않음
14,81a13b0e-aa23-4618-9,'쥬토피아'처럼 아동용 혹은 10대 타겟층으로 한 영화나 드라마에서 어떤 사건을 해결하고 난 이후에 사용될것 같은 음악,,,,,아동용|10대 타겟층|영화|드라마,,쥬토피아처럼|어떤 사건을 해결하고 난 이후,25 - 34,남성,0,0,0,주 1회 또는 월 몇  회,네,한두 번 사용해 봤지만 정기적으로 사용하지 않음
14,814b22e6-1017-444c-b,주인공 혹은 등장인물이 즐겁게 쇼핑이나 여가활동을 즐길때 사용될 듯한 음악,,즐겁게,,,쇼핑|여가활동,,주인공 혹은 등장인물,25 - 34,남성,0,0,0,주 1회 또는 월 몇  회,네,한두 번 사용해 봤지만 정기적으로 사용하지 않음
14,4fdeb871-5590-435c-8,공포영화의 한장면으로 등장인물이 어떠한 상황속 긴장감 혹은 미스테리안 상황에 쓰일것 같은 음악,,긴장감|미스테리한,,,공포영화,,등장인물이 어떠한 상황에 놓인 장면,25 - 34,남성,0,0,0,주 1회 또는 월 몇  회,네,한두 번 사용해 봤지만 정기적으로 사용하지 않음
14,32eeb9c6-e9d0-4ff1-8,북유럽쪽 주제로한 영화에 악기를 연주하며 뛰어다니는 사람들에게 사용될것같은 경쾌하고 신나는 음악,,경쾌한|신나는,,,영화,,북유럽쪽 주제|악기를 연주하며 뛰어다니는 사람들,25 - 34,남성,0,0,0,주 1회 또는 월 몇  회,네,한두 번 사용해 봤지만 정기적으로 사용하지 않음
14,16aa7d0d-3f35-4612-a,10대 여자애가 자신만의 노래로 경연대회에 나와 싱어송라이터의 길을 걷게해주는 음악,싱어송라이터,,,,,,10대 여자애|경연대회|자신만의 노래|싱어송라이터의 길,25 - 34,남성,0,0,0,주 1회 또는 월 몇  회,네,한두 번 사용해 봤지만 정기적으로 사용하지 않음
15,c7af0ea9-f546-4f26-b,탬포는 빠르지 않지만 배이스가 잘 어울리게 연주 되어있는게 장점 같음 건반이 좀만 더 빠르게 시작했으면 더 좋았을거 같음. 가서는 솔직히 뭔지 모르갰음 약간 교회에서 찬양가 비숫한거 틀때 나올거 같은곡,찬양가,,베이스|건반,,교회,빠르지 않은 템포|건반이 더 빠르게 시작,,25 - 34,남성,0,0,0,매일 또는 주에 여러번,아니오,
15,89fe259f-467e-4f79-9,신나는 느낌도 들지만 보컬이 어색하게 느껴지게 믹싱이 되어있음. 보컬 자체는 좀 애절하고 처절한 느낌이 들게 하지만 전체적안 음악의 분위기는 부드럽고 신남,,신나는|애절한|처절한,보컬,어색하게 느껴지게 믹싱된|부드러운,,,,25 - 34,남성,0,0,0,매일 또는 주에 여러번,아니오,
15,8399844f-3c3d-44c7-b,음질이 다 뭉게져서 들림. 약간 영국 펑크 느낌이 드는 노래임. 하드한 분위기가 느껴져서 마음에 듬. 런던 뒷골목 오전 11시쯤에 소매치기들이 도둑질하고 구석애서 이 노래 듣고 돈 세고 있을듯,영국 펑크,하드한,,음질이 다 뭉게져서 들림,,,런던 뒷골목 오전 11시|소매치기들이 도둑질|구석에서 이 노래 듣고 돈 세고 있음,25 - 34,남성,0,0,0,매일 또는 주에 여러번,아니오,
15,8395a570-7ed2-4c0c-a,엄청 레트로 느낌이 남. 거의 광고에 나올거 같은 분위기의 노래임. 듣자마자 강렬하게 사운드가 느껴짐. 아프로 머리하고 백정장 입은 80년대 스타 아저씨가 이거 틀고 춤추고 있을듯,,강렬한,,레트로,광고,,80년대 스타 아저씨|아프로 머리|백정장|춤추는 장면,25 - 34,남성,0,0,0,매일 또는 주에 여러번,아니오,
15,814b22e6-1017-444c-b,신나는듯하지만 은근히 탬포가 느슨한 느낌이 듬. 약간 투어버스나 관광버스에서 틀어놓고 할머니 할아버지들 춤추시라고 세팅하기에 적합한 톤과 분위기를 가지고 있는거 같음,,신나는듯한,,적합한 톤과 분위기,투어버스|관광버스에서 틀어놓고|할머니 할아버지들 춤추시라고|세팅하기에 적합한,템포가 느슨한,,25 - 34,남성,0,0,0,매일 또는 주에 여러번,아니오,
15,754e03f6-9cc8-4deb-b,잔잔한 배경음악에 부드럽고 선이 굵게 느껴지는 보컬이 잘 어울러지는 노래같음. 택사스 엘 파소 시골동네 쯤에서 소몰이 하고 있는 카우보이가 일 가라치고 씹는담배 하묜서 어디 기대가지고 이 노래 듣고 있을듯,country,잔잔한,보컬,부드럽고 선이 굵게 느껴지는,배경음악,,택사스 엘 파소 시골동네|소몰이 하는 카우보이|씹는담배를 하며 기대어 듣는 장면,25 - 34,남성,0,0,0,매일 또는 주에 여러번,아니오,
15,304f77ae-6961-4c73-b,탬포가 빠르고 통통 튀기는 듯한 베이스가 있음. 무조건 클럽이나 춤 출때 나올거 같은노래. 분위기를 신나게 만들려고 할때 틀어줄거 같은 노래,,신나게,베이스,통통 튀기는 듯한,클럽|춤 출때|분위기를 신나게 만들려고 할때,탬포가 빠르고,,25 - 34,남성,0,0,0,매일 또는 주에 여러번,아니오,
15,42f15631-a541-4b30-8,락노래로 보임. 가사는 뭐라는지 모르갰는데 신이 나고 아주 즐거워보임. 약간 스쿨오브락에서 잭 블랙이 차 몰면서 신나게 부르고 있을거 같은 신나는 락노래임,락,신이 나는|아주 즐거운,,,,,스쿨오브락에서 잭 블랙이 차 몰면서 신나게 부르는 장면,25 - 34,남성,0,0,0,매일 또는 주에 여러번,아니오,
15,024669e0-0876-403e-8,끈적이는 분위기가 느껴짐 보컬아 하이톤이고 감정이입을 아주 잘하는 느낌이 들어서 곡에 집중하기가 쉬웠음. 이건 뜨거운 시간 보낼때나 감각적인 느낌줄 때 좋을거 같음,,끈적이는 분위기|감정이입을 아주 잘하는|감각적인,하이톤 보컬,,뜨거운 시간 보낼때,,,25 - 34,남성,0,0,0,매일 또는 주에 여러번,아니오,
15,1e28722f-2c5c-474e-a,어쿠스틱한 느낌이 아주 좋고 재즈 분위기도 느껴짐. 부드럽게 들려서 듣기가 아주 좋음. 합정역쪽에 어린애들 노는 쪽 골목애 위치한 카페애서 이런 노래 틀어놓고 커피냄새가 확 날 거 같음,재즈,,,어쿠스틱한|부드러운,카페,,합정역쪽 어린애들 노는 골목의 카페|커피 냄새가 나는 공간,25 - 34,남성,0,0,0,매일 또는 주에 여러번,아니오,
16,8b332c1e-f10e-4afc-a,"팝과 일렉트로닉이 섞인 느낌. 아울 시티 같은 인상이며, 2000년대 초반의 활기찬 리듬",팝|일렉트로닉,활기찬,,,,리듬|2000년대 초반,아울 시티 같은 인상,25 - 34,남성,14,7,3,매일 또는 주에 여러번,네,한두 번 사용해 봤지만 정기적으로 사용하지 않음
16,f5e3d294-de4a-4be3-9,"웅장한 영화 음악 같은 느낌으로, 드넓은 느낌과 앞으로 전진하는 듯한 인상을 받음.",,웅장한|드넓은|앞으로 전진하는 듯한,,,영화 음악 같은,,,25 - 34,남성,14,7,3,매일 또는 주에 여러번,네,한두 번 사용해 봤지만 정기적으로 사용하지 않음
16,837f7d1b-23e2-4a0f-8,"성악이지만 이탈리아의 오페라와 같은 느낌은 아니고, 다소 현대적인 멜로디와 색채",성악,,,현대적인,,멜로디,이탈리아의 오페라와 같은 느낌은 아님|색채,25 - 34,남성,14,7,3,매일 또는 주에 여러번,네,한두 번 사용해 봤지만 정기적으로 사용하지 않음
16,6eec1cc9-81f9-40d3-9,"강렬한 메탈리카, 남성적이고 굵은 목소리 그리고, 파멸적인 목소리와 리듬 진행",메탈리카,파멸적인,목소리,강렬한|남성적이고 굵은,,리듬 진행,,25 - 34,남성,14,7,3,매일 또는 주에 여러번,네,한두 번 사용해 봤지만 정기적으로 사용하지 않음
16,34c793a1-0af4-469e-9,따뜻하고 즉흥적인 느낌. 그리고 로맨틱한 인상이 돋보이는 프랑스 샹송 같은 음악,프랑스 샹송,따뜻한|로맨틱한,,즉흥적인,,,,25 - 34,남성,14,7,3,매일 또는 주에 여러번,네,한두 번 사용해 봤지만 정기적으로 사용하지 않음
16,4cd02c55-36e8-46dd-9,"신나는, 전형적인 락. 그래도 얌전한, 페스티벌의 한 구석에서 진행할 것 같은 인상의 락.",락,신나는|얌전한,,,페스티벌의 한 구석에서 진행할 것 같은,전형적인,,25 - 34,남성,14,7,3,매일 또는 주에 여러번,네,한두 번 사용해 봤지만 정기적으로 사용하지 않음
16,04a39cf5-a7c3-4d9b-8,"전형적인 재즈 음악, 1970~80년대 느낌으로 올드한 느낌을 지울 수 없음.",재즈,,,올드한,,1970 80년대 느낌,,25 - 34,남성,14,7,3,매일 또는 주에 여러번,네,한두 번 사용해 봤지만 정기적으로 사용하지 않음
16,115645aa-6751-4e25-8,"1980년대 테크노 같은 느낌이 있음 미래지향적인 느낌, 비슷한 멜로디의 진행으로 이어짐",테크노,미래지향적인,,,,1980년대|비슷한 멜로디의 진행,,25 - 34,남성,14,7,3,매일 또는 주에 여러번,네,한두 번 사용해 봤지만 정기적으로 사용하지 않음
16,20752527-76a9-4e5a-b,"평화로운, 따뜻한 느낌. 맺음이 없는 시간의 순회가 있음. 중세의 낭만 같은 인상",,평화로운|따뜻한,,,,,맺음이 없는 시간의 순회|중세의 낭만 같은 인상,25 - 34,남성,14,7,3,매일 또는 주에 여러번,네,한두 번 사용해 봤지만 정기적으로 사용하지 않음
16,22c95ed0-8f48-4e40-a,"신나는 리듬으로 시작하여 축 처지는 느낌으로의 전환, 목소리는 질질끄는 느낌이 강함",,신나는|축 처지는,목소리,질질끄는,,리듬으로 시작하여 전환,,25 - 34,남성,14,7,3,매일 또는 주에 여러번,네,한두 번 사용해 봤지만 정기적으로 사용하지 않음
19,be7b3ab7-8a50-4437-8,지금까지 들었던 곡 중에 리버브효과가 가상 강하게 들어가있다 리버브 있는 효과는 마치 중력을 거슬러가는 소리를 상상하게 한다 신비한 세계에 들어가면 다음과 같은 노래가 나올 것 같다.,,신비한,,리버브 효과가 강한,,,중력을 거슬러가는 소리|신비한 세계에 들어간 장면,,,,,,,,
19,ae81034e-2b91-4d08-8,"웅장해지고 복수에 가득 찬 여인의 모습이 떠오른다 
성악 발성의 여성 목소리가 클래식록을 연상케한다 
이 음악을 듣는 날에는 지구의 종말이 다가온듯 
하늘이 노여워할 것 같은 음악. 분노와 억울함이란 감정이 노래를 한다면 다음과 같이 부를 것 같다",클래식록,웅장한|복수에 가득 찬|분노|억울함,성악 발성의 여성 목소리,,,,복수에 가득 찬 여인|지구의 종말|하늘의 노여움,,,,,,,,
19,94894312-0261-4956-8,"이별 후 그 이별의 감정을 음악으로 승화시키기 위해 부른 노래. 감정이 정돈되지 않은 채 날 것 그대로 표출되고 있는 상황 마치 수압이 강한 수도꼭지를 틀어놓은 것처럼 
감정 방울이 여기저기 튀고 있다. 내면 안의 목소리 중 가장 우렁차고 밀도가 높다",,이별의 감정|감정이 정돈되지 않은|날 것 그대로 표출되는,,날 것의|우렁찬|밀도가 높은,,,이별 후|이별의 감정을 음악으로 승화시키기 위해 부른 노래|감정 방울이 여기저기 튀고 있다|내면 안의 목소리,,,,,,,,
19,91f9b933-c02b-47df-9,"차가운 톤의 보컬 음색, 다소 철의 칙칙 거리는 느낌이 보컬의 음색에서 느껴진다 하지만 리버브 효과를 주어 목소리에 공간감이 생겼으며 중간 중간 박자를 채워주는 기타의 선율이 곡을 어쿠스틱하게 만든다",,,보컬|기타,차가운 톤|철의 칙칙 거리는 느낌|리버브 효과|공간감|어쿠스틱하게,,중간 중간 박자를 채워주는|기타의 선율,,,,,,,,,
19,2f52deb7-1947-4e11-9,"선명한 채도의 보컬이 인상적이며 기타 리프와 드럼이 
마치 페스티벌을 연상할 만큼 힘이 있다",,,보컬|기타 리프|드럼,선명한 채도의,페스티벌,힘이 있다,,,,,,,,,
19,346756fd-269e-4421-8,리버브와 왜곡 효과가 심하며 보컬의 사운드가 도드라지지 않고 악기 사운드가 함께 간다 이곡을 뮤비로 촬영한다면 마치 인간을 변장한 외계 생명체들을 시각적으로 연출할 것같다,,,보컬,리버브|왜곡|보컬의 사운드가 도드라지지 않고 악기 사운드가 함께 간다,뮤비,,인간을 변장한 외계 생명체들,,,,,,,,
19,0cd8226a-a270-4165-a,1960-1970년대 보컬이 도드라지는 락장르로 개인적인 서사와 감정을 기타와 드럼의 사운드와 함께 같은 에너지크기로 구축해나간다,락,개인적인 감정,보컬|기타|드럼,,,1960 1970년대|도드라지는|같은 에너지크기로 구축해나간다,개인적인 서사,,,,,,,,
19,21ee8bb8-76c4-41d2-b,"디스코풍의 노래로, 세기말 감성이 느껴지는 노래 7080세대에 많이 들었을 것 같은 노래이다 초반 인트로에서는 앰비언트로 시작하지만 비트감이 생기면서 디스코풍으로 변화한다",디스코풍,세기말 감성,,앰비언트,,초반 인트로|비트감이 생기면서 변화한다,7080세대에 많이 들었을 것 같은 노래,,,,,,,,
20,ee0aa1b5-2bb6-4770-a,시련을 이겨내는 강렬한 기타 사운드와 폭발적인 에너지가 돋보이는 하드 록 음악,하드 록,폭발적인 에너지,기타,강렬한,,,시련을 이겨내는,25 - 34,남성,5,3,0,매일 또는 주에 여러번,아니오,
20,e0d3ac24-3ea6-4a85-a,"밤길을 달리는 자유로움을 노래하는, 향수를 자극하는 부드러운 감성의 클래식 록 팝송",클래식 록|팝송,향수를 자극하는|부드러운 감성의,,,,,밤길을 달리는 자유로움,25 - 34,남성,5,3,0,매일 또는 주에 여러번,아니오,
20,8235499a-b4cf-4189-9,묵직한 전자음 비트 위로 강렬한 독일어 랩이 쏟아지는 일렉트로닉 힙합,일렉트로닉 힙합,강렬한,랩,묵직한|전자음,,비트,독일어,25 - 34,남성,5,3,0,매일 또는 주에 여러번,아니오,
20,82297794-bd7d-4718-9,"웅장한 현악기 소리와 신비로운 느낌의, 한 편의 영화 같은 오케스트라 협주곡",오케스트라 협주곡,신비로운,현악기,웅장한,영화 같은,,,25 - 34,남성,5,3,0,매일 또는 주에 여러번,아니오,
20,77c467d4-d021-4b6e-b,햇살 아래 들판에서 일한 뒤 마당에 앉아 휴식을 취하는 시골 풍경을 떠올림. 잔잔한 컨트리 음악,컨트리,잔잔한,,,,,햇살 아래 들판에서 일한 뒤 마당에 앉아 휴식을 취하는 시골 풍경,25 - 34,남성,5,3,0,매일 또는 주에 여러번,아니오,
20,56ea63b7-77b6-401b-a,묵직한 베이스 비트에 유명 축구 선수의 활약상을 마치 드리블처럼 리듬감 있게 표현한 강렬한 힙합 곡,힙합,강렬한,베이스,묵직한,,비트|리듬감 있게,유명 축구 선수의 활약상|드리블처럼 표현한,25 - 34,남성,5,3,0,매일 또는 주에 여러번,아니오,
20,583280dc-ce99-4a35-a,밝고 화려한 사운드 위로 희망찬 메시지를 노래하는 맑고 경쾌한 팝 곡,팝,밝고|희망찬|경쾌한,,화려한|맑고,,,희망찬 메시지,25 - 34,남성,5,3,0,매일 또는 주에 여러번,아니오,
20,5d465d7f-d93d-47f3-9,튀는 듯한 빠른 템포와 경쾌한 멜로디의 화사한 분위기의 피아노 독주곡,,화사한,피아노 독주곡,튀는 듯한,,빠른 템포|경쾌한 멜로디,,25 - 34,남성,5,3,0,매일 또는 주에 여러번,아니오,
20,6184d460-21d8-4a0c-b,"""summer breeze""과 ""fresh""을 반복하며, 바닷가를 달릴 때 느껴지는 해방감을 표현하는 팝 록",팝 록,해방감,,fresh,,반복하며,summer breeze|바닷가를 달릴 때,25 - 34,남성,5,3,0,매일 또는 주에 여러번,아니오,
20,189707c6-89e6-4846-9,"무더운 한여름, 나무 그늘 아래 평상에서 얼음 띄운 미숫가루를 단숨에 들이켠 듯 속이 뚫리는 청량한 록 팝송",록 팝,청량한,,,,,무더운 한여름|나무 그늘 아래 평상|얼음 띄운 미숫가루를 단숨에 들이켠 듯|속이 뚫리는,25 - 34,남성,5,3,0,매일 또는 주에 여러번,아니오,
22,bed541d5-46b8-4faa-b,"창밖에는 눈이 내리고, 드디어 기다리고 기다리던 크리스마스와 연말이 찾아오고 있다. 남자 재즈 보컬리스트의 감미로운 목소리가 추운 겨울을 따스하게 감싸는 느낌이 든다. 연말에는 한 해를 되돌아 보며 행복했던 순간들을 회상한다.이 노래와 함께라면, 회상하는 순간이 후회로 남지 않고  따뜻하게 품어질 것 같다. 노래의 흐름에 몸을 맡기고 살짝 움직이면서 감상하고 싶은 노래이다.",jazz,christmas|year end|warm|happy|nostalgic,male vocal,sweet,listening,flowing,snow falling outside the window|winter|reflecting on the past year|recalling happy moments|memories without regret,,,,,,,,
22,bc7c0d0b-71ae-4afe-8,10대 하이틴 소녀들이 떠오르는 통통 튀는 느낌의 곡이다. 마치 아이브나 아일릿 같이 초등학생들이 좋아하는 여자 아이돌의 모습이 떠오르면서 밝고 청량한 느낌이다.,여자 아이돌,통통 튀는|밝고 청량한,,,,,10대 하이틴 소녀들|초등학생들이 좋아하는 모습|아이브|아일릿,,,,,,,,
22,813d9197-3774-4fbd-9,자유로운 분위기의 오락실에서 나올 것 같은 노래이다. 또는 10대 청년들이 거리에 삼삼오오 모여서 키보드를 타는 장면도 떠오른다. 어떤 선율과 리듬에 고정되지 않고 자유롭게 리듬을 타면서 듣게 되는 노래이다.,,자유로운,,,오락실,어떤 선율과 리듬에 고정되지 않고 자유롭게 리듬을 타는,10대 청년들이 거리에 삼삼오오 모여서 키보드를 타는 장면,,,,,,,,
22,8138a78a-f4ba-4f69-b,정겹고 따뜻하면서도 음색의 끝에는 애절한 느낌이 서려있다. 계절로 따지면 한겨울이 생각난다. 몽글몽글하면서도 한편으로는 추운 느낌의 분위기의 곡이다.,,정겹고 따뜻한|애절한|추운 느낌,,몽글몽글한,,,한겨울,,,,,,,,
22,54f0f9eb-f14f-4d8d-b,"새벽에 운영하는 잔잔한 재즈바가 상상된다. 지친 일상을 마무리하기 위해 들린 단골 술집 , 화요일 밤이라 그런지 사람들이 별로 없다. 잠시 사색에 빠졌다가 살짝 도는 술 기운에 살짝 느린 잠에 들었다가를 반복한다. 비로소 나의 취향으로 하나둘 채워가며 나다움을 찾은 30대 여성의 모습이 떠오른다. 은은한 안개가 퍼지고 그 사이로 부드러운 보컬이 자연스럽게 스며드는 노래",재즈,잔잔한|지친|사색적인,부드러운 보컬,은은한|안개가 퍼지는 듯한,재즈바,살짝 느린,새벽에 운영하는 단골 술집|화요일 밤 사람이 별로 없는 장면|술 기운에 잠에 들었다가를 반복함|30대 여성|취향으로 자신을 채워가며 나다움을 찾는 모습,,,,,,,,
23,fb21d861-9397-4126-8,"콘서트에서 메탈/록 밴드 공연이 시작하기 전 관중의 환성소리, 건반의 반복적, 신비로운 리드에 이어 밴드 전체의 중간 중간 포인트가 웅장함, 기대감을 자아내는 노래",메탈|록,신비로운|웅장함|기대감,건반|밴드,,콘서트,반복적|리드|중간 중간 포인트,메탈 록 밴드 공연이 시작하기 전 관중의 환성소리,,,,,,,,
23,246bf3fe-a489-4545-a,레트로 스타일로 진행되다가 중간부터 앰비언트/신디사이저가 튀어나오면서 몽환적인 느낌으로 변하는 여자 K-pop 그룹의 노래 스타일,k-pop,몽환적인,신디사이저|여자 그룹,레트로,,중간부터 변하는,,,,,,,,,
23,fa94bad4-6431-40a7-9,"아프로 비트 베이스에 라틴 여자 보컬이 얹어져 몸을 흔들지 않으면 안될 것 같은 흥을 주는, 페스티벌에서 들을 법한 노래",아프로 비트,흥을 주는,베이스|여자 보컬,,페스티벌,,몸을 흔들지 않으면 안될 것 같은,,,,,,,,
23,d2cf4cdf-f303-4ef9-9,"아이리시 펍이 배경인 듯한 빠르게 달리는 하드 록에 단단하고 소리지르는 듯한 보컬이 얹어져있고, 중간에 살짝 느려지는 템포가 신선한 전환을 줌",하드 록,,보컬,단단한|소리지르는 듯한,아이리시 펍이 배경인 듯한,빠르게 달리는|중간에 살짝 느려지는 템포|신선한 전환,,,,,,,,,
23,b1c7f9c0-da77-440b-8,미국 내 끝없는 들판 사이 고속도로를 창문을 내리고 달리면서 듣는 어쿠스틱 기타 리드로 시작되는 슴슴하게 신나는 인디 밴드 감성 노래,인디,슴슴하게 신나는,어쿠스틱 기타,,드라이브,기타 리드로 시작되는,미국 내 끝없는 들판 사이 고속도로를 창문을 내리고 달리면서 듣는|밴드 감성,,,,,,,,
23,65239b62-1cec-4b3a-9,"높은 톤의 보컬과 신디사이저가 감싸는 퓨처 베이스 기반의 미국 힙합 노래, 몽환적이고 하우스 파티에 와서 dizzy한 느낌을 주고 있음",퓨처 베이스|미국 힙합,몽환적|dizzy한 느낌,높은 톤의 보컬|신디사이저,,하우스 파티,,,,,,,,,,
25,ea2b91c4-07d0-45b2-b,"90년대 느낌이 물씬 나는 정통 락, 근데 이제 맛깔난 독일어 보컬라인을 곁들인",정통 락,90년대 느낌,독일어 보컬라인,,,,,25 - 34,남성,10,3,3,매일 또는 주에 여러번,아니오,
25,d2bec18a-bac3-48cb-b,빠른 템포의 신디사이저 반주와 마이클 잭슨을 연상시키는 보컬이 어울러져 캐치한 노래,,,신디사이저 반주|보컬,마이클 잭슨을 연상시키는,,빠른 템포의|캐치한,,25 - 34,남성,10,3,3,매일 또는 주에 여러번,아니오,
25,b63b2d28-ca13-4ae8-b,몽환적인 신디사이저 사운드로 마치 꿈속을 유영하는 듯한 포근하고 따듯한 느낌을 주는 노래,,포근한|따듯한,신디사이저,몽환적인,,,꿈속을 유영하는 듯한,25 - 34,남성,10,3,3,매일 또는 주에 여러번,아니오,
25,ae86cd19-fca5-4ad7-b,"경쾌한 브래스 라인이 밴드사운드에 잘 어울러져있고, 차우차우라는 착착 감기는 단어를 활용한 중독성 있는 훅을 가진 노래",,경쾌한,브래스,,,밴드사운드|중독성 있는 훅,차우차우|착착 감기는 단어,25 - 34,남성,10,3,3,매일 또는 주에 여러번,아니오,
25,97674f07-7bc3-404e-9,리그오브레전드 시네마틱 주제곡으로 사용될 것 같은 강렬한 보컬과 락 사운드가 인상적인 노래,락,강렬한,보컬,,시네마틱 주제곡,,리그오브레전드,25 - 34,남성,10,3,3,매일 또는 주에 여러번,아니오,
25,9481c38d-df7b-42cc-b,오케스트라의 불협화음과 웅장한 멜로디 라인을 한껏 활용해 마치 긴장감 넘치는 영화의 한 장면이 떠오르는 노래,,긴장감 넘치는,오케스트라,,영화의 한 장면이 떠오르는,불협화음|웅장한 멜로디 라인,,25 - 34,남성,10,3,3,매일 또는 주에 여러번,아니오,
25,7e425ed4-399b-4c72-a,멋있고 기타리프와 밴드사운드로 시작하지만 곧 차분한 피아노 반주와 서정적인 보컬이 들어오며 분위기가 전환되는 것이 마치 보헤미안 랩소디가 연상되는 노래,,멋있고|차분한|서정적인,기타리프|밴드사운드|피아노|보컬,,,분위기가 전환되는,보헤미안 랩소디가 연상되는,25 - 34,남성,10,3,3,매일 또는 주에 여러번,아니오,
25,61375a85-29d0-4b45-9,"마이너 도미넌트한 코드 진행에 락스러운 보컬이 더해졌고, 착 감기는 신디사이저 모티브가 인상적인 노래",락,,보컬|신디사이저,착 감기는,,마이너 도미넌트한 코드 진행|모티브,,25 - 34,남성,10,3,3,매일 또는 주에 여러번,아니오,
25,2c080e35-5332-4784-a,"서정적인 피아노 반주에 감미로운 여성 보컬과 콰이어를 사용한, 디즈니 영화 주제곡이 연상되는 노래",,서정적인,피아노|여성 보컬|콰이어,감미로운,디즈니 영화 주제곡,반주,,25 - 34,남성,10,3,3,매일 또는 주에 여러번,아니오,
25,3a5cb7e8-d45f-481e-b,"빠른 4분의 4박자 드럼에 여유로운 피아노 반주, 귀여운 프랑스 여성 보컬이 곁들어진 신나는 노래",,여유로운|신나는,드럼|피아노|프랑스 여성 보컬,귀여운,,빠른|4분의 4박자|반주,,25 - 34,남성,10,3,3,매일 또는 주에 여러번,아니오,
26,ec9f0bca-7956-4fa4-8,2010년대 J pop 느낌나는 애니 노래 / 따라 부르기 쉽고 흥겨운 노래,j pop|애니 노래,흥겨운,,,,2010년대|따라 부르기 쉽고,,18 - 24,남성,0,0,0,매일 또는 주에 여러번,아니오,
26,d2a0689f-4bd9-496a-b,신나는 EDM / Rave 같은 곳에서 나올 법 한 노래,edm|rave,신나는,,,같은 곳에서 나올 법 한 노래,,,18 - 24,남성,0,0,0,매일 또는 주에 여러번,아니오,
26,b81b00c3-f3c4-4ba7-8,통기타를 쓸 거 같은 컨트리 노래 / 듣기 편하고 은은하게 신나는 노래,컨트리,듣기 편한|은은하게 신나는,통기타,,,,,18 - 24,남성,0,0,0,매일 또는 주에 여러번,아니오,
26,b7aa837e-a53b-4f8a-9,같은 단어를 반복해서 캐치하고 따라부르기 좋고 고개가 저절로 흔들어지는 노래,,,,,,같은 단어를 반복해서|캐치하고 따라부르기 좋고|고개가 저절로 흔들어지는,,18 - 24,남성,0,0,0,매일 또는 주에 여러번,아니오,
26,9a4d75e7-de00-4931-9,음식으로 듣기 쉽고 재밌게 가사를 쓴 힙합 랩 / 익숙한 힙합 랩,힙합 랩,재밌게,,익숙한,듣기 쉽고,,음식|가사를 쓴,18 - 24,남성,0,0,0,매일 또는 주에 여러번,아니오,
26,959ae3b5-07a9-464c-8,우울한 새벽에 중2병 걸려서 센치하고 진중하고 싶어서 음악을 듣는 나,,우울한|센치한|진중한,,,음악을 듣는,,새벽|중2병 걸린 나,18 - 24,남성,0,0,0,매일 또는 주에 여러번,아니오,
26,81a13b0e-aa23-4618-9,익숙하고 유명할 것 같은 신나는 팝송 / 아리아나 그란데가 부를 것 같은 노래,팝송,신나는,,,,,익숙하고 유명할 것 같은|아리아나 그란데가 부를 것 같은 노래,18 - 24,남성,0,0,0,매일 또는 주에 여러번,아니오,
26,77056edb-735f-4b6c-a,미국 영화에서 처음에 주인공과 가족이 등장하면서 나올 것 같은 노래,,,,,영화적,,미국 영화|처음|주인공과 가족이 등장하는 장면,18 - 24,남성,0,0,0,매일 또는 주에 여러번,아니오,
26,291b2f9c-c41b-4ab8-9,광고회사에서 낼 것 같은 노래 / 호불호 갈리 것 같은 노래,,호불호 갈릴 것 같은,,,광고회사에서 낼 것 같은 노래,,,18 - 24,남성,0,0,0,매일 또는 주에 여러번,아니오,
26,32eeb9c6-e9d0-4ff1-8,중세시대 배경 판타지 만화에서 축제 시작할 때 나올 법 한 노래,,,,,판타지 만화,,중세시대 배경|축제 시작,18 - 24,남성,0,0,0,매일 또는 주에 여러번,아니오,
28,e0cf5438-5034-4112-8,"2000년대 초반 저스틴비버 크리스브라운 등이 부를 것만 같은 rnb, 듣는 것만으로 끈적한 뮤직비디오가 상상됨",rnb,끈적한,,,뮤직비디오,,2000년대 초반 저스틴비버 크리스브라운 등이 부를 것만 같은,25 - 34,남성,14,0,1,매일 또는 주에 여러번,네,월 1회 이하
28,bec6e67b-3c7f-4554-9,코미디 영화에서 주인공이 대담한 계획을 세우기 위해 분주히 움직일 때 나오는 bgm,,,,,bgm|코미디 영화,,주인공|대담한 계획|분주히 움직이는 장면,25 - 34,남성,14,0,1,매일 또는 주에 여러번,네,월 1회 이하
28,9a30a0c9-b192-4113-b,서부영화 (spaghetti western)에서 주인공인 총잡이가 등장했을 때 안 나오면 허전할 것 같은 노래,spaghetti western,,,,서부영화,,주인공인 총잡이가 등장했을 때 안 나오면 허전할 것 같은 노래,25 - 34,남성,14,0,1,매일 또는 주에 여러번,네,월 1회 이하
28,876c1749-d348-48e6-a,"2000년대 초반 뉴에이지와 팝메탈을 적절히 섞어놓아 트렌디하게 재해석한 곡, 뉴트로 느낌",뉴에이지|팝메탈,,,,,,2000년대 초반|트렌디하게 재해석한 곡|뉴트로 느낌,25 - 34,남성,14,0,1,매일 또는 주에 여러번,네,월 1회 이하
28,7606dd90-1f55-4f82-8,"영국 덥스텝 및 베이스 클럽에서 나올 것 같은 노래, 아카펠라도 다른 노래에 덧대어질 가능성 농후",덥스텝|베이스,,아카펠라,,클럽|다른 노래에 덧대어질 가능성,,,25 - 34,남성,14,0,1,매일 또는 주에 여러번,네,월 1회 이하
28,5583d3b7-8692-4c18-8,디즈니 음악영화나 뮤지컬에서 메인 캐릭터가 자신의 꿈을 향해 힘찬 첫 걸음을 내딛는 것이 그려지는 음악,디즈니 음악영화|뮤지컬,힘찬,,,,,메인 캐릭터|자신의 꿈|첫 걸음을 내딛는,25 - 34,남성,14,0,1,매일 또는 주에 여러번,네,월 1회 이하
28,56487772-7530-4ead-a,"고전 리듬앤블루스 (rnb) 장르, Aretha Franklin 느낌, 전자음악 혹은 힙합에 샘플링하고 싶은 노래",고전 리듬앤블루스|rnb,,,,전자음악에 샘플링하고 싶은|힙합에 샘플링하고 싶은,,aretha franklin 느낌,25 - 34,남성,14,0,1,매일 또는 주에 여러번,네,월 1회 이하
28,754c7a3c-64af-4a19-8,동대문평화시장에 있는 중고 악기 판매점을 방문하여 문 앞에 있는 40년 넘은 신디사이저의 프리셋을 누르다,,,신디사이저,,,,동대문평화시장|중고 악기 판매점|문 앞|40년 넘은|프리셋을 누르다,25 - 34,남성,14,0,1,매일 또는 주에 여러번,네,월 1회 이하
28,0e4f6e42-e8a1-4618-9,올드 디즈니 혹은 50년대 영화의 bgm으로 어울릴 것 같다. 중후하고 농익은 작곡가 (존 윌리엄스) 느낌도 남,,,,중후한|농익은,bgm|영화,,올드 디즈니|50년대,25 - 34,남성,14,0,1,매일 또는 주에 여러번,네,월 1회 이하
28,1c339881-c51b-4318-a,일본 10인 이상의 큰 규모의 걸그룹이 부르고 일본 국내 시장에서 성공할 것 같은 노래,,,,,일본 국내 시장에서 성공할 것 같은,,일본 10인 이상의 큰 규모의 걸그룹이 부르고,25 - 34,남성,14,0,1,매일 또는 주에 여러번,네,월 1회 이하
29,e0aea9d2-f3fe-4e97-a,EDM을 배경으로 빠른 랩이 노래를 이끌어가고 주로 클럽에서 들을 수있는 사운드임,edm,,랩,,배경|클럽,빠른,,25 - 34,남성,5,4,1,매일 또는 주에 여러번,아니오,
29,9a496feb-6a67-4f22-a,강한 드럼비트위에 일렉기타의 파워코드 구성이 주를 이루고 파워풀한 남성보컬이 음악을 더 강렬하게함,,,드럼비트|일렉기타|남성보컬,파워풀한|강렬하게,,강한|파워코드 구성,,25 - 34,남성,5,4,1,매일 또는 주에 여러번,아니오,
29,523ab434-2e54-4441-9,몽환적인 분위기를 만들기 위해 아르페지오식 피아노 코드위에 드럼비트와 약간의 EDM을 넣음. 남성보컬이 분위기를 다소 부드럽게 만듬,edm,몽환적인,피아노 코드|드럼비트|남성보컬,부드럽게,,아르페지오식,,25 - 34,남성,5,4,1,매일 또는 주에 여러번,아니오,
29,72dda986-55c6-450e-8,어쿠스틱 기타 멜로디와 스트록이 합쳐진 음악으로 부드럽고 서정적인 느낌으 음악,,서정적인,어쿠스틱 기타,부드러운,,멜로디|스트록,,25 - 34,남성,5,4,1,매일 또는 주에 여러번,아니오,
29,7536c885-e926-4f7e-b,규칙적인 코드에 신디사이저 사운드가 주를 이루고 경쾌한 여성 보컬이 밝은 분위기를 만듬,,경쾌한|밝은,신디사이저|여성 보컬,,,규칙적인 코드,,25 - 34,남성,5,4,1,매일 또는 주에 여러번,아니오,
29,4ae99a8d-f134-4966-a,짧은 스트록으로 음악이 시작하고 강한 남성 보컬과 경쾌한 드럼비트가 전반적으로 밝고 경쾌한 느낌을 줌,,밝고 경쾌한,남성 보컬|드럼비트,강한,,짧은 스트록으로 시작,,25 - 34,남성,5,4,1,매일 또는 주에 여러번,아니오,
29,168acd2c-563d-4357-b,셔플비트위에 신디사이저와 섹소폰으로 음악의 분위기를 조성. 분위기는 다소 황량한 느낌,,황량한,신디사이저|섹소폰,,,셔플비트,,25 - 34,남성,5,4,1,매일 또는 주에 여러번,아니오,
29,1fc27a56-36f6-4a2b-9,8090세대의 팝비트로 규칙적인 EDM사운드가 주 코드를 이루고 곡의 분위기가 전반적으로 경쾌한 느낌을 줌,팝|edm,경쾌한,,,,8090세대의 팝비트|규칙적인,,25 - 34,남성,5,4,1,매일 또는 주에 여러번,아니오,
29,1fcc61c5-7033-469e-9,EDM 사운드가 주를 이루고 노래가 빠르고 힙한 느낌이 매우 강함,edm,힙한,,,,빠른,,25 - 34,남성,5,4,1,매일 또는 주에 여러번,아니오,
29,1fce4fac-fe02-42f3-9,재즈바에서 흔히 들을 수 있는 비트로 섹소폰이 주 멜로디 라인을 구성함. 큰 특징은 없음,재즈,,섹소폰,,재즈바,비트|주 멜로디 라인,,25 - 34,남성,5,4,1,매일 또는 주에 여러번,아니오,
30,8b21762a-c0c3-449e-8,오래된 흑백 텔레비전에서 나올 것 같은 느낌. 학교 다녀오면 엄마가 부엌에서 요리하면서 이 노래를 티비로 듣고 있을 것 같다.,,nostalgic|warm,,old|black and white television,television,,after school|mother cooking in the kitchen,25 - 34,남성,13,13,14,매일 또는 주에 여러번,네,주 1회 또는 월 몇 회
30,ee070cac-0af1-4d86-9,미국의 컨트리느낌이 묻어난다. 넓은 옥수수 밭을 무대로 공연하고 그걸 드론으로 멀리서부터 촬영하는 느낌,컨트리,,,,,,미국|넓은 옥수수 밭|공연|드론으로 멀리서부터 촬영,25 - 34,남성,13,13,14,매일 또는 주에 여러번,네,주 1회 또는 월 몇 회
30,e374a9d0-706d-4bf3-a,락페스티벌에서 다같이 헤드뱅잉하면서 뛰노는 헤비메탈음악. 화장 진하게 하고 무섭게 생긴 형들이지만 사실은 착한 사람들이 할 것 같음.,헤비메탈,무섭게,,,락페스티벌에서 다같이 헤드뱅잉하면서 뛰노는,,화장 진하게 하고 사실은 착한 사람들이 할 것 같음,25 - 34,남성,13,13,14,매일 또는 주에 여러번,네,주 1회 또는 월 몇 회
30,cdb23f80-6a13-4777-8,트랜스포머 영화 같은 사이버 펑크물 영화의 한 장면 같음. 진지하고 멋있지만 무겁지는 않은 느낌.,사이버 펑크,진지한|멋있는|무겁지 않은,,,영화적,,트랜스포머 영화 같은 한 장면,25 - 34,남성,13,13,14,매일 또는 주에 여러번,네,주 1회 또는 월 몇 회
30,63da007b-14c8-431d-a,러시아에 락페스티벌이 있다면 이런 느낌일까. 분명 신나고 다같이 머리를 흔들며 뛰놀고 있는데 이 기시감은 무엇일까. 언어의 장벽인가?,락,신나는,,,락페스티벌,,러시아|다같이 머리를 흔들며 뛰노는 느낌|언어의 장벽|기시감,25 - 34,남성,13,13,14,매일 또는 주에 여러번,네,주 1회 또는 월 몇 회
30,7279ca60-c53e-4913-a,옛날 비틀즈가 있던 시대 같으면서 조금 현대의 느낌을 가미하 음악. 그래도 빈티지한 골동품 가게 같은 느낌.,,빈티지한,,골동품 가게 같은,,,옛날 비틀즈가 있던 시대|조금 현대의 느낌,25 - 34,남성,13,13,14,매일 또는 주에 여러번,네,주 1회 또는 월 몇 회
30,4e733c89-a6a1-4094-8,집에서 친구들이랑 홈파티할 때 들을 것 같은 음악. 술에 취해 꿈과 현실을 혼동하는 듯한 느낌.,,술에 취해 꿈과 현실을 혼동하는 듯한 느낌,,,집에서 친구들이랑 홈파티할 때 들을 것 같은 음악,,,25 - 34,남성,13,13,14,매일 또는 주에 여러번,네,주 1회 또는 월 몇 회
30,4edf7524-0d23-48f2-9,조명과 음향이 빵빵한 공연장에서 관객과 소통하면서 멋있게 공연하는 느낌. 공연장 위에는 왠지 엄청 큰 깃발 같은 것이 펄럭이고 있을 것 같다.,,멋있게 공연하는 느낌,,,공연장,,관객과 소통|엄청 큰 깃발이 펄럭이는 공연장,25 - 34,남성,13,13,14,매일 또는 주에 여러번,네,주 1회 또는 월 몇 회
30,0a1282d5-b306-49f4-b,스튜디오에서 다같이 진지한 표정으로 연주하는 영상. 너무 밝지 않은 조명에서 각자의 기량을 펼치려고 하는 느낌.,,진지한,,,,,스튜디오에서 다같이 연주하는 영상|너무 밝지 않은 조명|각자의 기량을 펼치려고 하는 느낌,25 - 34,남성,13,13,14,매일 또는 주에 여러번,네,주 1회 또는 월 몇 회
30,21ee8bb8-76c4-41d2-b,2000년대 테크노 클럽의 한 풍경 같음. 신나는 전자음악 비트 위에 깔리는 부드러운 여자 보컬.,테크노,신나는,여자 보컬,부드러운,클럽,전자음악 비트,2000년대 테크노 클럽의 한 풍경,25 - 34,남성,13,13,14,매일 또는 주에 여러번,네,주 1회 또는 월 몇 회
31,f87d8dbf-83a9-4c58-a,희망과 소망이 들리는 노래. 마치 해피엔딩이 영화속 크레딧 씬에서 나올것 같은 노래,,희망|소망,,,영화속 크레딧 씬,,해피엔딩,18 - 24,남성,0,0,0,매일 또는 주에 여러번,아니오,
31,7a6c8429-fbc7-4e0e-b,헬스장안에서 기본 적으로 들려줄것 같은 노래. 펌핑 잘되라고 들려줄것 같은 노래.,,,,,헬스장|펌핑,,,18 - 24,남성,0,0,0,매일 또는 주에 여러번,아니오,
31,788859af-9004-4587-b,다프트 펑크에서 따온 샘플을 사용해서 개사한것 같은 노래. 왜인지 미국 영화 바에서 진지한 대화를 나누는 여성과 남성이 들을것 같은 노래,,진지한,,,미국 영화 바에서 들을것 같은,다프트 펑크에서 따온 샘플을 사용한,개사한것 같은 노래|여성과 남성이 대화를 나누는,18 - 24,남성,0,0,0,매일 또는 주에 여러번,아니오,
31,7555871e-1973-49c5-b,어려운 선택을 해야되는 한 주인공의 이야기. 하지만 주인공의 내면이 강할 것 같은 느낌.,,강한 느낌,,,,,어려운 선택을 해야되는 한 주인공의 이야기|주인공의 내면,18 - 24,남성,0,0,0,매일 또는 주에 여러번,아니오,
31,6fdab3ec-7a58-4272-8,서로를 막 만난 여자와 남자의 케미스트리가 잘 어울렸을때 들려올 것 같은 노래.,,케미스트리가 잘 어울리는,,,,,서로를 막 만난 여자와 남자,18 - 24,남성,0,0,0,매일 또는 주에 여러번,아니오,
31,754ad4a8-b85d-430a-8,서로 마음이 맞지 않았던 사람들이 서로를 조금씩 이해하기 시작했을때 들려올것 같은 노래,,,,,,,서로 마음이 맞지 않았던 사람들이 서로를 조금씩 이해하기 시작했을때,18 - 24,남성,0,0,0,매일 또는 주에 여러번,아니오,
31,31e86412-c270-4bcb-8,미국인이 자동차 안에서 드라이브를 하면서 들을 것 같은 노래 또는 라디오에서 나올것 같은 노래,,,,,드라이브|라디오,,미국인,18 - 24,남성,0,0,0,매일 또는 주에 여러번,아니오,
31,42ef4a9a-164f-480e-9,소중한 이를 잃어서 절망과 슬픔에 잠기어 있는 사람에게 들려올것 같은 노래,,절망|슬픔,,,들려올것 같은 노래,,소중한 이를 잃은 사람,18 - 24,남성,0,0,0,매일 또는 주에 여러번,아니오,
31,4e5af4be-1277-4097-9,히스패닉 우버 드라이버가 손님을 차에 태우며 들을 것 같은 노래,히스패닉,,,,드라이브,,우버 드라이버|손님을 차에 태우는 장면,18 - 24,남성,0,0,0,매일 또는 주에 여러번,아니오,
31,0c1cecb1-1601-43cc-8,전투하는 상황에서 나올 것 같은 노래. 1980년대에 영화에서 극한의 훈련을 받고 있을때 나올 것 같은 노래,,,,,영화적,,전투하는 상황|1980년대 영화|극한의 훈련,18 - 24,남성,0,0,0,매일 또는 주에 여러번,아니오,
32,b0f6dcc3-7aeb-4d48-9,미국 서부에 있는 허름한 동네에서 사람들이 밖에 나와 모여있을때 나올것 같은 노래.,,,,,나올것 같은 노래,,미국 서부|허름한 동네|사람들이 밖에 나와 모여있을때,25 - 34,남성,6,2,0,주 1회 또는 월 몇  회,아니오,
32,a0c69d90-4070-4bb7-b,동네 디스코 클럽에서 잠시 일에서 벗어나기 위해 사람들이 모여서 다같이 춤을 출때 나올것 같은 노래.,disco,,,,club|dance,,people gathering at a neighborhood disco club to take a break from work,25 - 34,남성,6,2,0,주 1회 또는 월 몇  회,아니오,
32,9a12553b-7ae1-4e35-9,영국 소년들이 성인이 되기전 모여서 만든 작은 동네 밴드 노래같다. 신나면서도 몽환적인 분위기와 인상적인 신디사이저가 들린다.,,신나는,신디사이저,몽환적인,,,영국 소년들이 성인이 되기전 모여서 만든 작은 동네 밴드 노래같다,25 - 34,남성,6,2,0,주 1회 또는 월 몇  회,아니오,
32,924be17b-f5f1-4628-9,유럽 유명 밴드가 페스티벌에서 공연을 하고 있고 그 앞에 관중들은 열심히 따라부르고 있을것 같은 느낌의 노래.,,열심히 따라부르고 있을것 같은 느낌,,,페스티벌 공연,,유럽 유명 밴드|관중들이 따라부르는 장면,25 - 34,남성,6,2,0,주 1회 또는 월 몇  회,아니오,
32,92374983-b2b0-41a7-b,1970년대에 한때 유명했던 미국 남녀 가수가 듀엣을 하는 노래같다. 1970년대 미국 평범한 중산층 가정집에서 티비를 통해 나올거 같은 노래.,,,남녀 듀엣 보컬,,티비를 통해 나올 것 같은 노래,,1970년대|미국|한때 유명했던 가수|평범한 중산층 가정집,25 - 34,남성,6,2,0,주 1회 또는 월 몇  회,아니오,
32,86b81fdf-9b70-4200-a,긴 여정이 끝나고 마무리를 지으며 지난날을 회상할것 같은 노래. 지친 몸을 이끌고 마지막 피날레를 위해 부르는 노래같다.,,회상적인|지친,,,,마지막 피날레,긴 여정의 끝|마무리|지난날 회상,25 - 34,남성,6,2,0,주 1회 또는 월 몇  회,아니오,
32,58339466-2de5-4409-b,대형 마트에 가면 배경에 들릴것 같은 팝송 느낌의 음악. 여자의 특유의 보컬이 잘 들리지만 마트에서 들으면 쇼핑하면서 신경을 안쓸거 같은 음악.,팝송,,여성 보컬,,대형 마트 배경음악|쇼핑,,,25 - 34,남성,6,2,0,주 1회 또는 월 몇  회,아니오,
32,325c3403-d7f7-4fa0-8,유명밴드가 커버한 영화 ost 느낌의 노래. 신기한 톤의 보컬과 컴퓨터로 조작한것 같은 느낌의 악기들이 들린다.,,,보컬,신기한 톤|컴퓨터로 조작한것 같은,영화 ost,,,25 - 34,남성,6,2,0,주 1회 또는 월 몇  회,아니오,
32,43d604bc-f7ba-45f9-a,미국 남부에 있는 작은 촌동네에 있는 바에서 들릴것 같은 노래. 카우보이 모자와 긴 부츠를 신은 남성이 연상되는 음악.,,,,,바,,미국 남부 작은 촌동네|카우보이 모자와 긴 부츠를 신은 남성,25 - 34,남성,6,2,0,주 1회 또는 월 몇  회,아니오,
32,04834f9a-eb2e-48b4-9,날씨가 따뜻한 주말 오후 저녁을 먹기전에 잠시 카페에 갔을때 커피와 함께 노을을 마주하며 옆에서 들려오는 로컬밴드의 음악 느낌,,따뜻한,,,카페,,주말 오후|저녁을 먹기 전|커피와 함께 노을을 마주함|옆에서 들려오는 로컬밴드의 음악 느낌,25 - 34,남성,6,2,0,주 1회 또는 월 몇  회,아니오,
33,84deb4de-d0fb-4e1d-a,"쿨 재즈 분위기가 나고, 미드템포 드럼 햇 비트에 피아노 솔로가 돋보이는 재즈곡",쿨 재즈|재즈,,드럼 햇|피아노,,,미드템포|비트|솔로가 돋보이는,,25 - 34,여성,22,17,5,주 1회 또는 월 몇  회,아니오,
33,f8439571-23e6-4c8a-9,다른 유율악기 없이 기본적인 드럼 비트 위에 남성이 랩을 얹은 노래,,,드럼|남성 랩,,,기본적인 드럼 비트,,25 - 34,여성,22,17,5,주 1회 또는 월 몇  회,아니오,
33,bc812733-b45b-4d2b-9,"드럼이랑 베이스, 기타, 신스, 보컬로 구성된 미드-하이 템포 락 밴드 노래",락,,드럼|베이스|기타|신스|보컬,,,미드 하이 템포,,25 - 34,여성,22,17,5,주 1회 또는 월 몇  회,아니오,
33,9a2bd396-3954-4d40-b,"마라카스 비트 위에 스트링 사운드로 배경음을 만들고, 프랑스 남성 보컬이 두드러지게 들리는 샹송같은 곡?",샹송,,마라카스|스트링|남성 보컬,,배경음,비트|두드러지게 들리는,프랑스,25 - 34,여성,22,17,5,주 1회 또는 월 몇  회,아니오,
33,97e26fe2-d45a-46b2-8,"템포는 느리지만 드럼이 박자를 쪼개고 있어서 약간의 긴장감을 주며, 몽환적인 여성 보컬과 뒤에 깔리는 배경음이 새벽 2-3시 정도 감성이 드는 노래",,약간의 긴장감|새벽 2 3시 감성,드럼|여성 보컬|배경음,몽환적인,,느린 템포|박자를 쪼개는 드럼,,25 - 34,여성,22,17,5,주 1회 또는 월 몇  회,아니오,
33,96382602-5e97-430f-9,"신스와 패드 사운드가 특징적이고, 사이키델릭하거나 미래지향적인 느낌이 나는 빠른 템포의 가사가 없는 노래",,,신스|패드,사이키델릭한|미래지향적인,,빠른 템포|가사가 없는,,25 - 34,여성,22,17,5,주 1회 또는 월 몇  회,아니오,
33,75bc4c3d-4d24-4d21-a,"EDM 느낌이 나는 신스랑 패드 중심으로 구성된 곡, 약간의 보컬이 얹어져있지만 신스 사운드 위주임",edm,,신스|패드|보컬,,,,,25 - 34,여성,22,17,5,주 1회 또는 월 몇  회,아니오,
33,55300023-5c40-490e-9,"흑백영화시절 배경음악으로 쓰일 것 같고, 재즈 빅밴드 사운드와 여성 보컬과 코러스가 특징인 빠른 템포의 노래",재즈|빅밴드,,여성 보컬|코러스,,흑백영화시절 배경음악,빠른 템포,,25 - 34,여성,22,17,5,주 1회 또는 월 몇  회,아니오,
33,566f7399-846c-4579-a,"스윙 리듬이 특징적이고, 드럼, 피아노, 기타 반주에 맞춰 그루비한 남성 보컬이 두드러지는 노래.",,,드럼|피아노|기타|남성 보컬,그루비한,,스윙 리듬,,25 - 34,여성,22,17,5,주 1회 또는 월 몇  회,아니오,
33,3a357ba5-4c78-432d-8,"중국 드라마 OST 같은 느낌이 나고, 비트 위에 스트링 사운드가 두드러지는 여성 중국 보컬을 얹은 노래",ost,,스트링|여성 중국 보컬,,중국 드라마,비트 위에,,25 - 34,여성,22,17,5,주 1회 또는 월 몇  회,아니오,
