url,song_id,title,prompt,genre,mood/emotion,instrumentation,timbre,function,music theory,story/narrative/lyrics
https://udio.com/songs/72dda986-55c6-450e-878e-bf0e6fdb5894,72dda986-55c6-450e-878e-bf0e6fdb5894,Melancholic Acoustic guitar jam,"a dark and sad country instrumental, acoustic guitar, slow, light drums, downtempo melancholic, (70 bpm), depressed,",0.1,0.4,0.2,0.0,0.0,0.3,0.0
https://udio.com/songs/01d43ee2-c6ff-4b66-aac6-bfe70e1b613a,01d43ee2-c6ff-4b66-aac6-bfe70e1b613a,We’re U-hauling,"contemporary r&b, soul jazz, female vocalist, smooth soul, r&b, pop soul, soul, Strong female vocals, funk,",0.7777777777777778,0.0,0.2222222222222222,0.0,0.0,0.0,0.0
https://udio.com/songs/56487772-7530-4ead-a83a-8db2c4c29583,56487772-7530-4ead-a83a-8db2c4c29583,Jangle Blues,a song about losing my keys in the style of amy winehouse,0.5,0.0,0.0,0.0,0.0,0.0,0.5
https://udio.com/songs/93a18e93-3e7e-4dfb-94ad-4cc4026c16ec,93a18e93-3e7e-4dfb-94ad-4cc4026c16ec,"Wow, I Didn't Know That (You're Telling Me Now For The First Time), Americana, Country","Americana, Country, Bluegrass, Melodic, Passionate, Lush, Rhythmic, male vocalist, anthemic, uplifting, pop, playful,",0.3333333333333333,0.25,0.08333333333333333,0.08333333333333333,0.0,0.25,0.0
https://udio.com/songs/e7de29c9-e9dd-4a06-aa8d-4389eccadaee,e7de29c9-e9dd-4a06-aa8d-4389eccadaee,Sacred Sincerity,"baroque pop, dreamy pop, boy band, romantic, piano jazz, electric cello, deep house, chillout,",0.625,0.25,0.125,0.0,0.0,0.0,0.0
https://udio.com/songs/837f7d1b-23e2-4a0f-8b8a-92a7c4669a41,837f7d1b-23e2-4a0f-8b8a-92a7c4669a41,Tomas ir Milda,"Song about the power of love of a couple, opera, male voice",0.25,0.0,0.25,0.0,0.0,0.0,0.5
https://udio.com/songs/8395a570-7ed2-4c0c-a4f6-249e969ae66c,8395a570-7ed2-4c0c-a4f6-249e969ae66c,Silicon Dreams,"a song about freelancers working on artificial intelligence projects on freelancer.com , pop,",0.25,0.0,0.0,0.0,0.0,0.0,0.75
https://udio.com/songs/8399844f-3c3d-44c7-b5a3-6665e6725b4c,8399844f-3c3d-44c7-b5a3-6665e6725b4c,Five Minutes with Derrick,"Add male vocalist with Russian accent. A screaming incoherently punk song called ""5 minutes with Derrick""",0.2,0.0,0.2,0.4,0.0,0.0,0.2
https://udio.com/songs/a5ac307b-e75d-47b1-90e3-89447e59a26a,a5ac307b-e75d-47b1-90e3-89447e59a26a,Streets of Power,"Grime, fast-paced, energetic, urban, aggressive, gritty, raw, intense, rhythmic, dynamic",0.1,0.3,0.0,0.3,0.0,0.3,0.0
https://udio.com/songs/45aa2509-8554-4bf3-88fb-e26a0bab1c69,45aa2509-8554-4bf3-88fb-e26a0bab1c69,Bathwater Anarchy,"song about rubber ducks in the bath, heavy distorted guitar, deep bass, nu metal, rap rock",0.4,0.0,0.4,0.0,0.0,0.0,0.2
https://udio.com/songs/45b5e210-3659-4726-975a-b201487962e9,45b5e210-3659-4726-975a-b201487962e9,Doo Doo Anthem,"rock, pop rock, alternative rock song about doo doo boy and his doo doo town",0.6,0.0,0.0,0.0,0.0,0.0,0.4
https://udio.com/songs/291b2f9c-c41b-4ab8-9161-d4214259419b,291b2f9c-c41b-4ab8-9161-d4214259419b,Tradewind Felines,a jimmy buffet style tropical song about two cats lili and boomer enjoying the tradewinds and listening to the birds,0.2857142857142857,0.0,0.0,0.0,0.0,0.0,0.7142857142857143
https://udio.com/songs/df0117f3-743c-460c-905d-835ffb820bd3,df0117f3-743c-460c-905d-835ffb820bd3,Firulais Fury,"male vocalist, concept album, hard rock, warm, in the style of green day",0.4,0.0,0.2,0.2,0.0,0.0,0.2
https://udio.com/songs/df09d518-7cb4-43d2-b4b4-74b5b0c9500e,df09d518-7cb4-43d2-b4b4-74b5b0c9500e,ASAP Ferg - Veins of Fire (CRAZY BEAT SWITCH),"melomandiz beats intro, rage phonk beat, playboi carti, mad 808s",0.14285714285714285,0.0,0.14285714285714285,0.14285714285714285,0.14285714285714285,0.14285714285714285,0.2857142857142857
https://udio.com/songs/f8439571-23e6-4c8a-900b-9323671ff4c9,f8439571-23e6-4c8a-900b-9323671ff4c9,Echoes of Freedom,"hip hop, hardcore hip hop, gangsta rap, east coast rap, west coast hip hop,",1.0,0.0,0.0,0.0,0.0,0.0,0.0
https://udio.com/songs/f87d8dbf-83a9-4c58-a66d-f3d86e8ece8b,f87d8dbf-83a9-4c58-a66d-f3d86e8ece8b,Moorland Memories,"Love and loss in north west England , pop rock,",0.25,0.0,0.0,0.0,0.0,0.0,0.75
https://udio.com/songs/b1c7f9c0-da77-440b-8ed9-6d5d7979ba3e,b1c7f9c0-da77-440b-8ed9-6d5d7979ba3e,Paw in Paw,A Beatles style song about two little kittens named rookie and Coco,0.25,0.0,0.0,0.0,0.0,0.0,0.75
https://udio.com/songs/0a1282d5-b306-49f4-b0ff-f945c2ed2407,0a1282d5-b306-49f4-b0ff-f945c2ed2407,The Baker's Conversion,"A song about programmer named Emmanuel who became disillusioned with the corporate world and became a baker., jazz, soul jazz,",0.4,0.0,0.0,0.0,0.0,0.0,0.6
https://udio.com/songs/4edf7524-0d23-48f2-906a-ed5cc10c9197,4edf7524-0d23-48f2-906a-ed5cc10c9197,Sausage Festivity,Write a melodic yet comedic song with sombre tones about eating lots of sausage,0.0,0.5,0.0,0.0,0.0,0.25,0.25
https://udio.com/songs/85c89132-e0ce-42d5-973e-e0198f60e894,85c89132-e0ce-42d5-973e-e0198f60e894,BIDADARIKU,"a song about coming home after a long time, pop, indie, bass, japanese rock",0.6,0.0,0.2,0.0,0.0,0.0,0.2
https://udio.com/songs/304f77ae-6961-4c73-b240-b82c6d9837c1,304f77ae-6961-4c73-b240-b82c6d9837c1,Sizzle and Pop,"synth-pop, house, about chicken on a stick and fish oil",0.5,0.0,0.0,0.0,0.0,0.0,0.5
https://udio.com/songs/9a12553b-7ae1-4e35-9c24-de4224ba47ba,9a12553b-7ae1-4e35-9c24-de4224ba47ba,Digital Daydreams,Carrie is off school sick with a bad cough but can play PlayStation,0.0,0.0,0.0,0.0,0.0,0.0,1.0
https://udio.com/songs/9a2bd396-3954-4d40-b3bd-dc97f611ae73,9a2bd396-3954-4d40-b3bd-dc97f611ae73,"Un coup de vent, un coup de sang.","guitar jazz, old french singer with south accent, sad ballade",0.4,0.2,0.2,0.2,0.0,0.0,0.0
https://udio.com/songs/9a30a0c9-b192-4113-bc71-6b6b57bf15cf,9a30a0c9-b192-4113-bc71-6b6b57bf15cf,Hands of Protest,"A singer songwriter war protest song, seventies style, about a manicure set",0.5,0.0,0.0,0.0,0.0,0.25,0.25
https://udio.com/songs/9a496feb-6a67-4f22-abf9-a46b34ff68ba,9a496feb-6a67-4f22-abf9-a46b34ff68ba,Tuskaa ja Unelmaa,"pop rock, electronic, rock, male rock lead, synth-pop, male vocalist, catchy chorus",0.5714285714285714,0.0,0.2857142857142857,0.0,0.0,0.14285714285714285,0.0
https://udio.com/songs/9a4d75e7-de00-4931-9105-4d53c84471bf,9a4d75e7-de00-4931-9105-4d53c84471bf,Crispy Kingdom,A 90s hip hop rap about how fried chicken is the best food on the planet,0.5,0.0,0.0,0.0,0.0,0.0,0.5
https://udio.com/songs/21ee8bb8-76c4-41d2-b18e-d09524c38093,21ee8bb8-76c4-41d2-b18e-d09524c38093,Eternal Momentum,"electronic, mixer boss bx 8, tech, 4/4 140 BMP, trance",0.3333333333333333,0.0,0.16666666666666666,0.0,0.0,0.5,0.0
https://udio.com/songs/5de77170-9628-498c-88c4-eaa0f9a6bf47,5de77170-9628-498c-88c4-eaa0f9a6bf47,Bethany's Feast,"acoustic guitar, mandolin, piano, acoustic bass, percussion, bossa nova, female singer,",0.14285714285714285,0.0,0.8571428571428571,0.0,0.0,0.0,0.0
https://udio.com/songs/5de9f530-88d9-44a5-943c-a53b321d1106,5de9f530-88d9-44a5-943c-a53b321d1106,memories don't fade,"synthwave, funk, saxophone, upbeat, 2019, serene, catchy, ambient, about a summer party, female vocalist,",0.3,0.2,0.2,0.1,0.0,0.1,0.1
https://udio.com/songs/b63b2d28-ca13-4ae8-b325-bc509fb36454,b63b2d28-ca13-4ae8-b325-bc509fb36454,Autumn's Veil,"A song about the foggy autumn morning in the forest with the smell of wet woods and soil,electronic,",0.25,0.0,0.0,0.0,0.0,0.0,0.75
https://udio.com/songs/ee070cac-0af1-4d86-95b3-5e692884fadc,ee070cac-0af1-4d86-95b3-5e692884fadc,Stand Tall Through the Pain,"Country pop song, being young and moving on from your past, female vocalist, diva country, motivating, includes guitar solo",0.2857142857142857,0.14285714285714285,0.2857142857142857,0.0,0.0,0.0,0.2857142857142857
https://udio.com/songs/ee0aa1b5-2bb6-4770-a51e-f2ea9e1c873f,ee0aa1b5-2bb6-4770-a51e-f2ea9e1c873f,My Spark,"rock, alternative rock, male vocalist, drums (drum set), keyboard, energetic, passionate, melodic, heavy,",0.2222222222222222,0.2222222222222222,0.3333333333333333,0.1111111111111111,0.0,0.1111111111111111,0.0
https://udio.com/songs/05c85698-35f9-4ca9-a086-ce048852ec24,05c85698-35f9-4ca9-a086-ce048852ec24,City Groove Nights,A jazz funk song about 4 middle aged men getting funky in New York City,0.25,0.0,0.0,0.0,0.0,0.0,0.75
https://udio.com/songs/0e4f6e42-e8a1-4618-975e-9345b7f0d84b,0e4f6e42-e8a1-4618-975e-9345b7f0d84b,Mechanical Heartstrings,"Instrumental orchestral, cinematic music about a girl and her Robot best friend",0.2,0.0,0.2,0.0,0.2,0.0,0.4
https://udio.com/songs/af092e6b-dce4-4354-82b0-f18c4d8f09c6,af092e6b-dce4-4354-82b0-f18c4d8f09c6,A Brighter Tomorrow remix v2,"A song about hope for Nigeria's future, sang by a female artist",0.0,0.3333333333333333,0.3333333333333333,0.0,0.0,0.0,0.3333333333333333
https://udio.com/songs/af1cb15b-e547-4e02-83d0-67bb3ba20412,af1cb15b-e547-4e02-83d0-67bb3ba20412,life's a ride so wild it seems[tease],"hip hop, electronic, synthesizer, 2020, upbeat, serene, male vocalist, catchy, beautiful, melodic, uptempo, about amazing feeling of a theme park,",0.15384615384615385,0.15384615384615385,0.15384615384615385,0.07692307692307693,0.0,0.3076923076923077,0.15384615384615385
https://udio.com/songs/c2eccd6c-3c7f-4e67-93c5-b2525f3b9e21,c2eccd6c-3c7f-4e67-93c5-b2525f3b9e21,Hiroshima Flavors,"There’s Hiroshima-style okonomiyaki, but there is no such thing as ‘Hiroshimayaki., blues,",0.3333333333333333,0.0,0.0,0.0,0.0,0.0,0.6666666666666666
https://udio.com/songs/97674f07-7bc3-404e-9410-b8239d3611c0,97674f07-7bc3-404e-9410-b8239d3611c0,Witness the Fray,"epic song about gogeta vs broly, heavy drums, epic guitar, piano, english",0.0,0.16666666666666666,0.6666666666666666,0.0,0.0,0.0,0.16666666666666666
https://udio.com/songs/9e8106ce-2e4a-450c-8653-66941bb3ad46,9e8106ce-2e4a-450c-8653-66941bb3ad46,Tesla Exodus,a fast-paced 90's influenced alt/indie song about tesla departures leaving.,0.25,0.0,0.0,0.0,0.0,0.5,0.25
https://udio.com/songs/c03a69e7-7bcb-4c85-bc76-54bcd86a1368,c03a69e7-7bcb-4c85-bc76-54bcd86a1368,Unrisen Melodies,"Song about I can shake but can’t bake , Rock Musical, Standards, 1980s, duet",0.4,0.0,0.0,0.0,0.0,0.2,0.4
https://udio.com/songs/1e28722f-2c5c-474e-a931-1e5b740fff7d,1e28722f-2c5c-474e-a931-1e5b740fff7d,Archtop Odyssey,"Post-Bop, Jazz Fusion, instrumental, technical, melodic, warm, passionate, energetic, playful, guitar, archtop guitar",0.18181818181818182,0.2727272727272727,0.2727272727272727,0.09090909090909091,0.0,0.18181818181818182,0.0
https://udio.com/songs/8760d63e-0eab-4d6e-9c6c-19d14c0310ea,8760d63e-0eab-4d6e-9c6c-19d14c0310ea,Memory Echoes,jingle about a story writing service in style of Elvis preslley,0.3333333333333333,0.0,0.0,0.0,0.3333333333333333,0.0,0.3333333333333333
https://udio.com/songs/876c1749-d348-48e6-a06c-64ec23323e40,876c1749-d348-48e6-a06c-64ec23323e40,Steph sonic début,"Male vocalist, Rock, Alternative metal, Nu Metal, Electronica, Alternative rock, Glitch, Rap rock, Passionate, Bittersweet, Anthemic,",0.6363636363636364,0.18181818181818182,0.09090909090909091,0.0,0.0,0.09090909090909091,0.0
https://udio.com/songs/788859af-9004-4587-b3d8-2fe1ccd96b86,788859af-9004-4587-b3d8-2fe1ccd96b86,FrÃ¼hlingserwachen,"Electro pop, male voice, melodic, soul, hip hop rnb and dance hall,",0.6666666666666666,0.0,0.16666666666666666,0.0,0.0,0.16666666666666666,0.0
https://udio.com/songs/42ef4a9a-164f-480e-9992-5f91a57425ee,42ef4a9a-164f-480e-9992-5f91a57425ee,Twilight of Man,"A song about humanity doomed to end, rock, classic rock, guitar solos, dark ambient, slow rock,",0.6666666666666666,0.0,0.16666666666666666,0.0,0.0,0.0,0.16666666666666666
https://udio.com/songs/6eec1cc9-81f9-40d3-9466-38f5f89748f3,6eec1cc9-81f9-40d3-9466-38f5f89748f3,Cosmic Transmissions,"AlienAPI whispering messages into the Human Hosts Brain., hard rock, guitar, male vocalist, heavy metal, electric guitar, album rock,",0.3333333333333333,0.0,0.3333333333333333,0.0,0.0,0.0,0.3333333333333333
https://udio.com/songs/6045b0b6-6270-465c-9f8a-c88cf01311fe,6045b0b6-6270-465c-9f8a-c88cf01311fe,Midnight Reverie Short One,"spaghetti western, Twang guitar,Dwayne Eddie, train sounds in background, Birds squawking, wind blo",0.14285714285714285,0.0,0.14285714285714285,0.0,0.14285714285714285,0.0,0.5714285714285714
https://udio.com/songs/6067225b-504a-46e1-8848-deb07c09fe48,6067225b-504a-46e1-8848-deb07c09fe48,Racing Inferno,upbeat eurobeat song as heard in the anime Initial D,0.3333333333333333,0.3333333333333333,0.0,0.0,0.0,0.0,0.3333333333333333
https://udio.com/songs/33858c28-6c40-43d6-9bff-1b9ec1a44503,33858c28-6c40-43d6-9bff-1b9ec1a44503,Echoes of Eternity,"a progressive rock ballad, like we are in the 70s",0.6666666666666666,0.0,0.0,0.0,0.0,0.0,0.3333333333333333
https://udio.com/songs/3c401ec0-d117-449d-ab39-8fa7a9828059,3c401ec0-d117-449d-ab39-8fa7a9828059,Gold Dreams,"A poor girl trying to make her way in life, r&b, hip hop, contemporary r&b,",0.6,0.0,0.0,0.0,0.0,0.0,0.4
https://udio.com/songs/3c41851f-03a5-464c-9840-4646904010d0,3c41851f-03a5-464c-9840-4646904010d0,Connect to Progress,"A song about the benefits of Technology in Africa. , pop, traditional pop, electropop, euro house, dance-pop,",0.8333333333333334,0.0,0.0,0.0,0.0,0.0,0.16666666666666666
https://udio.com/songs/a817156f-977c-4a72-8ea5-10fbadfa7532,a817156f-977c-4a72-8ea5-10fbadfa7532,"Dark, somber, quiet into NICE alt rock riff","Sad and slow grunge instrumental, 80bpm, 2000s production, (rick rubin), (modern sound),",0.14285714285714285,0.14285714285714285,0.0,0.14285714285714285,0.0,0.2857142857142857,0.2857142857142857
https://udio.com/songs/1c339881-c51b-4318-afa1-a64c22bebdad,1c339881-c51b-4318-afa1-a64c22bebdad,もっと!もっと!モップ!,"female vocalist, guitar, bass guitar, drums (drum set), uptempo, uplifting, anime soundtrack, melodic, j-rock, piano rock, upbeat, catchy, piano rock,",0.15384615384615385,0.15384615384615385,0.38461538461538464,0.07692307692307693,0.07692307692307693,0.15384615384615385,0.0
https://udio.com/songs/168acd2c-563d-4357-ba74-0cd98f66630d,168acd2c-563d-4357-ba74-0cd98f66630d,Shadows of the Past,Create a hip hop beat like 4th Disciple from Wu-Tang and Stoupe from Jedi Mind Tricks,0.5,0.0,0.0,0.0,0.0,0.5,0.0
https://udio.com/songs/16aa7d0d-3f35-4612-a9ea-8a660a5af0a3,16aa7d0d-3f35-4612-a9ea-8a660a5af0a3,Last Dance of Summer,"country, modern country, line dance, americana, that last summer night of vacation before you head back to daily life",0.5,0.0,0.0,0.0,0.16666666666666666,0.0,0.3333333333333333
https://udio.com/songs/42f15631-a541-4b30-8b29-4a1110136627,42f15631-a541-4b30-8b29-4a1110136627,Dreams in the Mountains,"rock, pop rock, drums (drum set), classic rock, guitar, bass guitar, 80's, male vocalist, energetic, classic hard rock,",0.45454545454545453,0.09090909090909091,0.45454545454545453,0.0,0.0,0.0,0.0
https://udio.com/songs/7606dd90-1f55-4f82-8970-ec55c9a05f80,7606dd90-1f55-4f82-8970-ec55c9a05f80,Yell for Kell,starts as old school hiphop but morphs into uk drill,0.6666666666666666,0.0,0.0,0.0,0.0,0.3333333333333333,0.0
https://udio.com/songs/1fc27a56-36f6-4a2b-9d87-513f4a0a9058,1fc27a56-36f6-4a2b-9d87-513f4a0a9058,Syntax und Semantik,"A german song about what elements you need to form proper sentences, electronic, electro,",0.5,0.0,0.0,0.0,0.0,0.0,0.5
https://udio.com/songs/1fcc61c5-7033-469e-9d6a-a70822983eed,1fcc61c5-7033-469e-9d6a-a70822983eed,Synth-Lord,"A Melodic drill/jersey club song that samples G-Funk. (Minimoog voyager synth, analog synthesizer, Sampling, G-Funk Piano, laid-back).",0.3333333333333333,0.1111111111111111,0.3333333333333333,0.0,0.0,0.2222222222222222,0.0
https://udio.com/songs/1fce4fac-fe02-42f3-94ba-6c66c9cdccd2,1fce4fac-fe02-42f3-94ba-6c66c9cdccd2,Aether Pulse,"Title is something in the air, like Bonobo, electronic, club, house, dance, jazz, euro house,",0.625,0.0,0.0,0.0,0.25,0.0,0.125
https://udio.com/songs/858415cc-1335-476e-ac56-9e0c6947ca9f,858415cc-1335-476e-ac56-9e0c6947ca9f,Stay Fungus-Free,Compose a rhyme or song on the prevention of Ringworm,0.0,0.0,0.0,0.0,0.0,0.0,1.0
https://udio.com/songs/957d1ef7-7bd1-4d9a-a682-cc6a55ef374e,957d1ef7-7bd1-4d9a-a682-cc6a55ef374e,Release and Groove,"a song about forgiving someone that wronged you, pop, funk,",0.6666666666666666,0.0,0.0,0.0,0.0,0.0,0.3333333333333333
https://udio.com/songs/959ae3b5-07a9-464c-8e16-9f9d4faccd02,959ae3b5-07a9-464c-8e16-9f9d4faccd02,Heart of Lies,"sad song sang by a man with a very nice voice., pop, indie,",0.4,0.2,0.2,0.2,0.0,0.0,0.0
https://udio.com/songs/0825d51f-0845-4009-ae83-5b7347403923,0825d51f-0845-4009-ae83-5b7347403923,Love’s Stronger Tide,a sentimental song about love that's lost and hope that it can be found again,0.0,0.3333333333333333,0.0,0.0,0.0,0.0,0.6666666666666666
https://udio.com/songs/2b52b4c3-c6fb-47b5-b47e-43b4b40f75d4,2b52b4c3-c6fb-47b5-b47e-43b4b40f75d4,Riding High remix v2,"a bright fun pop song jingle with female sung lyrics ""lonsborough motor service - right here for you""",0.2857142857142857,0.2857142857142857,0.14285714285714285,0.0,0.0,0.0,0.2857142857142857
https://udio.com/songs/652ed6ff-5366-4dea-9870-280da8e43b39,652ed6ff-5366-4dea-9870-280da8e43b39,Eternal Oneness,"528hz healing frequency enlightenment awakening, sunrise, new age, meditative, house/pop,",0.3333333333333333,0.1111111111111111,0.0,0.0,0.1111111111111111,0.1111111111111111,0.3333333333333333
https://udio.com/songs/27f40db1-6caa-4c04-a4e7-f12e651af282,27f40db1-6caa-4c04-a4e7-f12e651af282,Bear in the Current,an old school hip song about finding a black bear swimming in the water during a canoe trip,0.3333333333333333,0.0,0.0,0.0,0.0,0.0,0.6666666666666666
https://udio.com/songs/20752527-76a9-4e5a-bdbd-82e225598fb7,20752527-76a9-4e5a-bdbd-82e225598fb7,Mystic Peaks,"a song inspired by Nicholas Roerich paintings, ambient, locrian mode",0.3333333333333333,0.0,0.0,0.0,0.0,0.3333333333333333,0.3333333333333333
https://udio.com/songs/be7b3ab7-8a50-4437-8acc-ac93487ab635,be7b3ab7-8a50-4437-8acc-ac93487ab635,Symphonic World,tame impala song about the whole world creating music together,0.5,0.0,0.0,0.0,0.0,0.0,0.5
https://udio.com/songs/be9d0001-9386-4d1a-b85c-c2eb1a216754,be9d0001-9386-4d1a-b85c-c2eb1a216754,Shadows of the Quiet Night,"four piece classical quartet, somber and pensive, solo vocalist singing about being awake all night",0.14285714285714285,0.2857142857142857,0.2857142857142857,0.0,0.0,0.14285714285714285,0.14285714285714285
https://udio.com/songs/bea4ed25-c74b-4eca-b131-8088aa41a588,bea4ed25-c74b-4eca-b131-8088aa41a588,인공 빛 속 운명,"synth-pop, 10s beautiful korean idol singer sings. Talks about we are doomed by AGI soon inkorean.",0.2857142857142857,0.14285714285714285,0.14285714285714285,0.0,0.0,0.14285714285714285,0.2857142857142857
https://udio.com/songs/2f52deb7-1947-4e11-9178-e8745a35b9e6,2f52deb7-1947-4e11-9178-e8745a35b9e6,Silent Circuits,a 2000s emo song written from the perspective of Elon Musk about getting dumped by Grimes,0.25,0.0,0.0,0.0,0.0,0.25,0.5
https://udio.com/songs/b7aa837e-a53b-4f8a-97ed-e339ecd96dae,b7aa837e-a53b-4f8a-97ed-e339ecd96dae,Neural Groove,"Electronic, Funky House, Electro, Electro house, Deep house, Funk, Vocalist",0.8571428571428571,0.0,0.14285714285714285,0.0,0.0,0.0,0.0
https://udio.com/songs/583280dc-ce99-4a35-a684-823a7b60d753,583280dc-ce99-4a35-a684-823a7b60d753,Every moment[tease],"synthwave, funk, upbeat, ambient, serene, 2019, saxaphone, synth,song about the beautiful wonders of life, female vocalist,",0.3333333333333333,0.2222222222222222,0.3333333333333333,0.0,0.0,0.0,0.1111111111111111
https://udio.com/songs/58339466-2de5-4409-be95-54e99dd0b88b,58339466-2de5-4409-be95-54e99dd0b88b,Nowhere part 0,"old school soul, deep soul, traditional black gospel, r&b/soul, motown, southern soul,",1.0,0.0,0.0,0.0,0.0,0.0,0.0
https://udio.com/songs/61375a85-29d0-4b45-9ff9-5bd133094b1f,61375a85-29d0-4b45-9ff9-5bd133094b1f,Vilde's Galaxy,"A sci-fi epic movie theme about a space pirate named “Vilde”, synth-pop,",0.16666666666666666,0.16666666666666666,0.0,0.0,0.3333333333333333,0.0,0.3333333333333333
https://udio.com/songs/6184d460-21d8-4a0c-b029-31aa4dce91af,6184d460-21d8-4a0c-b029-31aa4dce91af,Shadows Within,"A song by a boy band about his demons , pop rock,",0.6666666666666666,0.0,0.0,0.0,0.0,0.0,0.3333333333333333
https://udio.com/songs/65239b62-1cec-4b3a-9f6c-583a3ca80ff5,65239b62-1cec-4b3a-9f6c-583a3ca80ff5,Rockstar1,"A song about money, women, rockstar lifestyle, in the style of Playboi Carti",0.25,0.0,0.0,0.0,0.0,0.0,0.75
https://udio.com/songs/3a357ba5-4c78-432d-81fe-c920ac31ed50,3a357ba5-4c78-432d-81fe-c920ac31ed50,Shadow Moon Serenade,"pop, a song with chinese traditional poems as its lyrics.",0.5,0.0,0.0,0.0,0.0,0.0,0.5
https://udio.com/songs/3a5cb7e8-d45f-481e-bd93-d38a23edcb34,3a5cb7e8-d45f-481e-bd93-d38a23edcb34,Wiener Verdauungslied,"A viennese song about having eaten way too much. And tipps how to feel better, e.g. drinking Schnaps or Coffee.",0.2,0.0,0.0,0.0,0.0,0.0,0.8
https://udio.com/songs/e66caf62-70ce-418a-875d-b778d6e27cc5,e66caf62-70ce-418a-875d-b778d6e27cc5,Brand New Beans,"hip hop, song about having to eat the wrong brand of baked beans",0.5,0.0,0.0,0.0,0.0,0.0,0.5
https://udio.com/songs/0c1cecb1-1601-43cc-8bc9-c51256abe2f0,0c1cecb1-1601-43cc-8bc9-c51256abe2f0,Oathbound Saga,A song about board games dungeons and dragons and fantasy style music,0.3333333333333333,0.0,0.0,0.0,0.0,0.0,0.6666666666666666
https://udio.com/songs/517bf045-71e3-4661-baae-096ecb85fbbb,517bf045-71e3-4661-baae-096ecb85fbbb,Shadow Scurry,horrorcore rap with emo guitar and phaseshifting electronic bass. the squirrel is here for his walnuts,0.16666666666666666,0.0,0.3333333333333333,0.16666666666666666,0.0,0.0,0.3333333333333333
https://udio.com/songs/7a6c8429-fbc7-4e0e-bf89-61eee2072407,7a6c8429-fbc7-4e0e-bf89-61eee2072407,Vorkath is a Shoplifter (OSRS),"a song about mixing potions in oldschool runescape, rap rock,",0.3333333333333333,0.0,0.0,0.0,0.0,0.0,0.6666666666666666
https://udio.com/songs/7a83cea8-c6f4-4944-8823-68aef4c971c6,7a83cea8-c6f4-4944-8823-68aef4c971c6,When Will You Realize? (Re: Spare Me The Trouble),"pop, female vocalist, sarcastic, breakup, high school girl calls her ex-boyfriend melodramatic",0.14285714285714285,0.14285714285714285,0.14285714285714285,0.0,0.0,0.0,0.5714285714285714
https://udio.com/songs/cc598c82-8126-4cdf-9091-fa7cfbfc539a,cc598c82-8126-4cdf-9091-fa7cfbfc539a,Glitched Ethos,2000s 90s playstation jungle dnb glitch with ethereal jungle pads amen break,0.3333333333333333,0.0,0.0,0.1111111111111111,0.0,0.1111111111111111,0.4444444444444444
https://udio.com/songs/f190fc46-b387-4437-a37e-c2e4f2c4a4e9,f190fc46-b387-4437-a37e-c2e4f2c4a4e9,Sun-Kissed Ripples,"Make a song about a summer day, but make it bluesy with a little bit of hip-hop flare to it",0.5,0.0,0.0,0.25,0.0,0.0,0.25
https://udio.com/songs/9c7e479a-5c4d-46d9-8ecc-2c5849ae114e,9c7e479a-5c4d-46d9-8ecc-2c5849ae114e,Harbor Whispers,A song about a secret I must keep style Norah jones,0.5,0.0,0.0,0.0,0.0,0.0,0.5
https://udio.com/songs/2c080e35-5332-4784-a590-bbf9db7e765d,2c080e35-5332-4784-a590-bbf9db7e765d,Eclipse Embrace,Song about total eclipse of sun using music of Louis Capaldi someone you love song,0.6666666666666666,0.0,0.0,0.0,0.0,0.0,0.3333333333333333
https://udio.com/songs/0f2e29c0-780e-45ae-b2b1-abb3c2c77c8a,0f2e29c0-780e-45ae-b2b1-abb3c2c77c8a,Warrior's Grind,"a day in the life of a kickboxing worrier, trap, rap, hiphop",0.6,0.0,0.0,0.0,0.0,0.0,0.4
https://udio.com/songs/479be710-4ceb-4509-8c44-55f981fa0637,479be710-4ceb-4509-8c44-55f981fa0637,"Felix, the Dog of the House","a song about my dog, jazz, swing, vocal jazz, easy listening,",0.8,0.0,0.0,0.0,0.0,0.0,0.2
https://udio.com/songs/6cff0016-0d2e-4199-9cb2-48317bc30512,6cff0016-0d2e-4199-9cb2-48317bc30512,Distant Lights,"acoustic guitar, acoustic rock, male vocalists, blues rock, fingerstyle, singer-songwriter, folk-pop, electric guitar, pop rock, classic rock, contemporary pop/rock,",0.6363636363636364,0.0,0.2727272727272727,0.0,0.0,0.09090909090909091,0.0
https://udio.com/songs/82297794-bd7d-4718-9fcb-b3a10d824475,82297794-bd7d-4718-9fcb-b3a10d824475,Velocity Overture,Please Compose a symphony-like piece in style of Anton Bruckner 8th as a Film music for a bike-chase,0.5,0.0,0.0,0.0,0.25,0.0,0.25
https://udio.com/songs/8235499a-b4cf-4189-9570-ee2f9bad03e0,8235499a-b4cf-4189-9570-ee2f9bad03e0,Syntax Euphonie,"A german song about what elements you need to form proper sentences, electronic, electro,",0.5,0.0,0.0,0.0,0.0,0.0,0.5
https://udio.com/songs/1acbac5c-f315-45df-8041-037b55620a92,1acbac5c-f315-45df-8041-037b55620a92,We own the night,"female vocalist, r&b, alternative r&b, slow beats, hip hop, soul, contemporary r&b,",0.7142857142857143,0.0,0.14285714285714285,0.0,0.0,0.14285714285714285,0.0
https://udio.com/songs/a73408ef-f0f9-4280-88fd-62f8c13bc9af,a73408ef-f0f9-4280-88fd-62f8c13bc9af,Булочная,"russian, bard song, folk song, acoustic guitar, female singer, emotional, 100 bpm",0.2857142857142857,0.14285714285714285,0.2857142857142857,0.0,0.0,0.14285714285714285,0.14285714285714285
https://udio.com/songs/04834f9a-eb2e-48b4-95d6-4e937dd2ad86,04834f9a-eb2e-48b4-95d6-4e937dd2ad86,Spirits in the Field,"A folk rock song about three working cocker spaniels name “Abby, Billie, and Punky”",0.2,0.0,0.0,0.0,0.0,0.0,0.8
https://udio.com/songs/04a39cf5-a7c3-4d9b-8d32-4bfc6f316283,04a39cf5-a7c3-4d9b-8d32-4bfc6f316283,Cyber King's Banquet,a song about Mark who feasts like a king. Sax solo. Blues.,0.25,0.0,0.25,0.0,0.0,0.0,0.5
https://udio.com/songs/b0f6dcc3-7aeb-4d48-9811-f8195dc8aefc,b0f6dcc3-7aeb-4d48-9811-f8195dc8aefc,H-Town Hustle,"a song about working in a print shop in houston texas , houston sticker is the name , hip hop,",0.25,0.0,0.0,0.0,0.0,0.0,0.75
https://udio.com/songs/346756fd-269e-4421-8530-cd79b74d1a98,346756fd-269e-4421-8530-cd79b74d1a98,Rhythm of Unity,"a song about the beauty of a multicultural festival, techno",0.5,0.0,0.0,0.0,0.0,0.0,0.5
https://udio.com/songs/34c793a1-0af4-469e-961d-b1c85d24836b,34c793a1-0af4-469e-961d-b1c85d24836b,Amour Immensurable,"a melody gardot style's song, post modern jazz, female voice, double bass and piano, jazz,",0.5,0.0,0.5,0.0,0.0,0.0,0.0
https://udio.com/songs/7e425ed4-399b-4c72-a0ac-97caf841c3fb,7e425ed4-399b-4c72-a0ac-97caf841c3fb,Reckless Serenade,"rock, a teen age love affair in the style of Jim Steinman with heavy piano chords",0.3333333333333333,0.0,0.16666666666666666,0.16666666666666666,0.0,0.16666666666666666,0.16666666666666666
https://udio.com/songs/25e7176b-dcd9-4b4b-84bf-eff49700574a,25e7176b-dcd9-4b4b-84bf-eff49700574a,Hearts Melt remix v2,"east coast hip hop, hip hop rnb and dance hall,",1.0,0.0,0.0,0.0,0.0,0.0,0.0
https://udio.com/songs/325c3403-d7f7-4fa0-835b-27f06fdd9015,325c3403-d7f7-4fa0-835b-27f06fdd9015,Her awakening dreams original shorts,"melancholic, duet female, rock, heavy metal rock, heavy style, guitar, male, girl, children",0.2222222222222222,0.1111111111111111,0.3333333333333333,0.1111111111111111,0.0,0.0,0.2222222222222222
https://udio.com/songs/96382602-5e97-430f-967d-0799d90262c7,96382602-5e97-430f-967d-0799d90262c7,Ethereal Eclipse,"Progressive House inspired by Sasha from the 1990s, deep dark melodic ethereal space trance with a heavy driving baseline",0.25,0.25,0.0,0.25,0.0,0.125,0.125
https://udio.com/songs/fa94bad4-6431-40a7-9811-7ebe8da07931,fa94bad4-6431-40a7-9811-7ebe8da07931,Ella en la Discoteca,"hard bass drum, masculine male voice, latin, hip hop, raegetton",0.42857142857142855,0.0,0.2857142857142857,0.2857142857142857,0.0,0.0,0.0
https://udio.com/songs/0244da5b-f3c0-49b4-b5c8-2ad5bd3f731f,0244da5b-f3c0-49b4-b5c8-2ad5bd3f731f,72 Hour Grind,A rap song in the style of Eminem with harpsichord. Fast 90s rap,0.6,0.0,0.2,0.0,0.0,0.2,0.0
https://udio.com/songs/024669e0-0876-403e-8520-2001de3cb22a,024669e0-0876-403e-8520-2001de3cb22a,Throbbin' Ache,a song about stubbing your toe in the style of drake,0.5,0.0,0.0,0.0,0.0,0.0,0.5
https://udio.com/songs/4cd02c55-36e8-46dd-9941-50cee7f88672,4cd02c55-36e8-46dd-9941-50cee7f88672,Never Backing Down,"van halen, led zeppelin, game music, energetic, 90s, something similar to van halens aint talking about love",0.16666666666666666,0.16666666666666666,0.0,0.0,0.0,0.16666666666666666,0.5
https://udio.com/songs/4ce5fcbf-3111-4a0d-bb7d-1d16cf9e232a,4ce5fcbf-3111-4a0d-bb7d-1d16cf9e232a,Kinetic Spectrum,"upbeat song for motion design portfolio, techno, instrumental no singing",0.2,0.2,0.4,0.0,0.2,0.0,0.0
https://udio.com/songs/56ea63b7-77b6-401b-a4a4-f3a4cc956032,56ea63b7-77b6-401b-a4a4-f3a4cc956032,Neymar's Legacy,Let it be a rap song about neymar the footballer,0.3333333333333333,0.0,0.0,0.0,0.0,0.0,0.6666666666666666
https://udio.com/songs/ec9f0bca-7956-4fa4-8654-5e6c2643399f,ec9f0bca-7956-4fa4-8654-5e6c2643399f,KYUSHU Shinkansen,"A bright and cheerful pop song sung by a female vocalist, in the style of a Japanese anime theme song.",0.4,0.4,0.2,0.0,0.0,0.0,0.0
https://udio.com/songs/4ad18a9e-43ea-4de2-b02a-d302deb1e42c,4ad18a9e-43ea-4de2-b02a-d302deb1e42c,Digging Past Rock Bottom,"male vocalist, alternative/indie rock, punk rock, vocal harmonies, melodic, energetic, rebellious, marshall amp, drum fills, passionate, guitar, analog synthesizer,",0.16666666666666666,0.25,0.4166666666666667,0.0,0.0,0.16666666666666666,0.0
https://udio.com/songs/4ae99a8d-f134-4966-a28f-281bca94fe22,4ae99a8d-f134-4966-a28f-281bca94fe22,Anticipation Letter,"Georgia Dobbins and William Garrett's song Please Mr. Postman, beat group, the 60's style",0.2,0.0,0.0,0.0,0.0,0.2,0.6
https://udio.com/songs/189707c6-89e6-4846-9c38-b40afe59fa89,189707c6-89e6-4846-9c38-b40afe59fa89,Osmanthus Ride,"Riding a bike, delicately smelling the fragrance of osmanthus flowers.",0.0,0.0,0.0,0.0,0.0,0.0,1.0
https://udio.com/songs/77056edb-735f-4b6c-a08f-875ac062056d,77056edb-735f-4b6c-a08f-875ac062056d,Imaginary Companion,"A day in the life of a professional imaginary friend, indie pop, twee pop",0.5,0.0,0.0,0.0,0.0,0.0,0.5
https://udio.com/songs/53d73137-83c6-4e4f-ac78-85cf9b779e10,53d73137-83c6-4e4f-ac78-85cf9b779e10,Elegy for Tomorrow,"A song about humanity doomed to end, rock, classic rock, guitar solos, dark ambient, slow rock,",0.6666666666666666,0.0,0.16666666666666666,0.0,0.0,0.0,0.16666666666666666
https://udio.com/songs/5583d3b7-8692-4c18-85fc-f46f0ceef5f2,5583d3b7-8692-4c18-85fc-f46f0ceef5f2,Tails of the Park,A Broadway musical about a duck tolling retriever named “Stryker” and two ginger cats named Chezzy and Scholes,0.16666666666666666,0.0,0.0,0.0,0.0,0.0,0.8333333333333334
https://udio.com/songs/566f7399-846c-4579-a499-8421a2f325e2,566f7399-846c-4579-a499-8421a2f325e2,Sleek in Tech Blues,A song about a tech consultancy called Red Badger. In the style of T bone walker,0.3333333333333333,0.0,0.0,0.0,0.0,0.0,0.6666666666666666
https://udio.com/songs/88bf780d-da3b-440d-9031-fd948b1c0f00,88bf780d-da3b-440d-9031-fd948b1c0f00,"Long Time, No See","about an old soul trapped in a vehicle through the centuries, electronic, synthesizer, synth-pop, keyboard, horror, soundtrack Instrumental",0.2,0.1,0.2,0.0,0.1,0.1,0.3
https://udio.com/songs/1eccf497-ffe0-4f0d-a4c5-aecd9b3e1e40,1eccf497-ffe0-4f0d-a4c5-aecd9b3e1e40,River to the Sea,"Progressive rock, dark vibe, heavy guitar, loud drums, male vocalist",0.2,0.2,0.6,0.0,0.0,0.0,0.0
https://udio.com/songs/31e86412-c270-4bcb-8461-ec9801d25c4b,31e86412-c270-4bcb-8461-ec9801d25c4b,Meow meow whatta ciao,"punk, bouncy funk pop hit italian folk bombastic feels good",0.42857142857142855,0.14285714285714285,0.0,0.14285714285714285,0.14285714285714285,0.14285714285714285,0.0
https://udio.com/songs/32eeb9c6-e9d0-4ff1-8eae-50a7855aef13,32eeb9c6-e9d0-4ff1-8eae-50a7855aef13,Indulgent Respite,"A viennese song about having eaten way too much. And tipps how to feel better, e.g. drinking Schnaps or Coffee.",0.2,0.0,0.0,0.0,0.0,0.0,0.8
https://udio.com/songs/db477bec-7b99-4ca2-8eb3-0ab3993b23ae,db477bec-7b99-4ca2-8eb3-0ab3993b23ae,The Catman Cometh,"A song about a man named Dude working for the county for feline emotional well being., blues, delta blues,",0.4,0.0,0.0,0.0,0.0,0.0,0.6
https://udio.com/songs/63da007b-14c8-431d-a856-de2456d8d63e,63da007b-14c8-431d-a856-de2456d8d63e,Screams of Wisdom,"a song about the depth of a grandparent's advice, heavy metal",0.5,0.0,0.0,0.0,0.0,0.0,0.5
https://udio.com/songs/92374983-b2b0-41a7-ba34-c5a6913a6349,92374983-b2b0-41a7-ba34-c5a6913a6349,Nowhere to Run,"old school soul, deep soul, traditional black gospel, r&b/soul, motown, southern soul,",1.0,0.0,0.0,0.0,0.0,0.0,0.0
https://udio.com/songs/3f9b3ba7-7b13-4d04-87d6-fe1b2a1f6278,3f9b3ba7-7b13-4d04-87d6-fe1b2a1f6278,Culinary Crusade,"Theme tune for the Game of Beef board-game, vocal, tv themes,",0.25,0.0,0.25,0.0,0.25,0.0,0.25
https://udio.com/songs/7279ca60-c53e-4913-a8b0-70c2e902048b,7279ca60-c53e-4913-a8b0-70c2e902048b,Mister Muffin's Melody,"60s baroque pop about Mister Muffin, whimsical, britpop, male vocals, backing vocals",0.2857142857142857,0.14285714285714285,0.2857142857142857,0.0,0.0,0.14285714285714285,0.14285714285714285
https://udio.com/songs/e0aea9d2-f3fe-4e97-a7eb-e4e5bdc14489,e0aea9d2-f3fe-4e97-a7eb-e4e5bdc14489,64-Bit Rhyme Runner,"write a song about speed running banjo kazooie on the nintendo 64, rare, male vocalist, rhythmic, rap",0.16666666666666666,0.0,0.16666666666666666,0.0,0.0,0.16666666666666666,0.5
https://udio.com/songs/e0cf5438-5034-4112-8294-18e5da49d810,e0cf5438-5034-4112-8294-18e5da49d810,Together Unbreakable,"A hip hop, reggaeton, greatest hits, eminem, pop rap, Kendrick Lamar, west coast hip hop song",0.5714285714285714,0.0,0.0,0.0,0.14285714285714285,0.0,0.2857142857142857
https://udio.com/songs/e0d3ac24-3ea6-4a85-a589-8f4ca0642255,e0d3ac24-3ea6-4a85-a589-8f4ca0642255,Hemi Freedom Ride,"50s pop song about the Tim's hell wagon, a flat black hemi powered monster",0.3333333333333333,0.0,0.0,0.0,0.0,0.0,0.6666666666666666
https://udio.com/songs/4fdeb871-5590-435c-88c2-c719ad43bf33,4fdeb871-5590-435c-88c2-c719ad43bf33,Temporal Shifts,Minimalist analog electronic music with odd time signatures and abstract melodies,0.4,0.0,0.2,0.0,0.0,0.4,0.0
https://udio.com/songs/d2a0689f-4bd9-496a-b30e-12657192c534,d2a0689f-4bd9-496a-b30e-12657192c534,mo Mantra,300hz vibe Big Rave HOUSE -meditation Festival House Music with Choir Vocals,0.4,0.2,0.2,0.0,0.0,0.2,0.0
https://udio.com/songs/d2bec18a-bac3-48cb-b0da-2589176bd895,d2bec18a-bac3-48cb-b0da-2589176bd895,Michael Jackson Potion of emotion (1985) Unreleased Snippet,"1985, funk, dance-pop, with male vocals in the style of Michael Jackson,",0.6,0.0,0.2,0.0,0.0,0.2,0.0
https://udio.com/songs/d2c86c3d-07fc-4390-8787-58a746e56d56,d2c86c3d-07fc-4390-8787-58a746e56d56,Drift to Dusk rebooted,"A ambient trap song about chilling at the beach during a sunset, electronic, saxophone, synthesizer,",0.16666666666666666,0.0,0.3333333333333333,0.16666666666666666,0.0,0.0,0.3333333333333333
https://udio.com/songs/d2cf4cdf-f303-4ef9-9fda-3dab509cb32f,d2cf4cdf-f303-4ef9-9fda-3dab509cb32f,Feline Overlord,"a song about a cat plotting to take over the world ,electronic, punk",0.5,0.0,0.0,0.0,0.0,0.0,0.5
https://udio.com/songs/8138a78a-f4ba-4f69-bb71-f5afc2b160e4,8138a78a-f4ba-4f69-bb71-f5afc2b160e4,Rise of the Chosen,Japanese pop anime opening uplifting for hero growing against adversity,0.5,0.25,0.0,0.0,0.0,0.0,0.25
https://udio.com/songs/813d9197-3774-4fbd-980c-1a8dcc7c38b8,813d9197-3774-4fbd-980c-1a8dcc7c38b8,Rebel Echoes,"You will leave, arabic, rap/hip-hop, political rap, new wave, synth-pop",0.8333333333333334,0.0,0.0,0.0,0.0,0.0,0.16666666666666666
https://udio.com/songs/814b22e6-1017-444c-b340-266dc3ee7712,814b22e6-1017-444c-b340-266dc3ee7712,Freedom on Wheels,Ariel de zeemeermin is ride out captain on her motorbike,0.0,0.0,0.0,0.0,0.0,0.0,1.0
https://udio.com/songs/86b81fdf-9b70-4200-a102-1dbe1d4bca69,86b81fdf-9b70-4200-a102-1dbe1d4bca69,Night at Oskars,"A song about going to the bar Oskars, alternative rock/pop rock,",0.6666666666666666,0.0,0.0,0.0,0.0,0.0,0.3333333333333333
https://udio.com/songs/86bd408c-0cf2-4f86-ac55-ab80a81251b1,86bd408c-0cf2-4f86-ac55-ab80a81251b1,Mango Tango,"A song about mango tango, Female vocalist, Electropop, Electronic dance music, Eclectic, Energetic, Rhythmic, Rave, Anthemic, Call and response",0.2,0.1,0.1,0.1,0.1,0.3,0.1
https://udio.com/songs/bec6e67b-3c7f-4554-9a03-758697fe708e,bec6e67b-3c7f-4554-9a03-758697fe708e,Sombras en Casa,A music replicating Italian new wave genre of the 80’s as it was Litfiba albums like “17 re” or “dsaparecido”.,1.0,0.0,0.0,0.0,0.0,0.0,0.0
https://udio.com/songs/bed541d5-46b8-4faa-b29f-c2c6bfc0d8d8,bed541d5-46b8-4faa-b29f-c2c6bfc0d8d8,Wide Open Serenity,an r and b song about living in the countryside,0.5,0.0,0.0,0.0,0.0,0.0,0.5
https://udio.com/songs/97e26fe2-d45a-46b2-885e-35c18551c6d6,97e26fe2-d45a-46b2-885e-35c18551c6d6,Neon Sunset Requiem,"an electronic rock, downtempo, art rock dark song about ending of humanity",0.4,0.2,0.0,0.0,0.0,0.2,0.2
https://udio.com/songs/91f9b933-c02b-47df-95b7-05e9b37e3fb5,91f9b933-c02b-47df-95b7-05e9b37e3fb5,Pixel Night Glow,"bubblegum pop about imageboard culture, deep female vocalist alternative, happy, uplifting",0.2857142857142857,0.2857142857142857,0.14285714285714285,0.14285714285714285,0.0,0.0,0.14285714285714285
https://udio.com/songs/924be17b-f5f1-4628-9730-412d622d014a,924be17b-f5f1-4628-9730-412d622d014a,Echoes of Warsaw,"the smiths, morrissey, post-punk, jangle pop, indie, 80s, minor, fast, alternative rock, guitar, rock",0.45454545454545453,0.0,0.09090909090909091,0.0,0.0,0.2727272727272727,0.18181818181818182
https://udio.com/songs/e89bac5b-3b92-4554-be4c-df83d11c4975,e89bac5b-3b92-4554-be4c-df83d11c4975,Alf's Golden Future,"rock, about a friend named Alf who is in love again at 49 years old",0.25,0.0,0.0,0.0,0.0,0.0,0.75
https://udio.com/songs/e89bff81-fa30-4d94-83dc-79ee8714f202,e89bff81-fa30-4d94-83dc-79ee8714f202,Conner's Intro - 𝘞𝘳𝘪𝘵𝘵𝘦𝘯 & 𝘗𝘳𝘰𝘮𝘱𝘵𝘦𝘥 𝘉𝘺 {𝘒𝘈𝘓𝘔},"tv show intro, male vocalist, big band, piano, jazz, swing, standards, up beat, fast",0.4444444444444444,0.0,0.2222222222222222,0.0,0.1111111111111111,0.2222222222222222,0.0
https://udio.com/songs/cdb23f80-6a13-4777-8a08-c0d983486f7c,cdb23f80-6a13-4777-8a08-c0d983486f7c,Stop Whining,"A Song about whining , pop, r&b, vocal, hip hop,",0.6,0.0,0.2,0.0,0.0,0.0,0.2
https://udio.com/songs/c7af0ea9-f546-4f26-bef4-8901953bb851,c7af0ea9-f546-4f26-bef4-8901953bb851,Luovuuden Saari,"Anthem in Finnish for the Nomadic Academy of Experimental Arts based in Harakka island, Helsinki Finland.",0.2,0.0,0.0,0.0,0.0,0.0,0.8
https://udio.com/songs/a0c69d90-4070-4bb7-b45e-bd1369f80645,a0c69d90-4070-4bb7-b45e-bd1369f80645,Musclebound Dreams,"electronic, club, synth-pop, house, dance, electro, female vocalist, melodic edm",0.625,0.0,0.125,0.0,0.25,0.0,0.0
https://udio.com/songs/a0ca57ef-9516-411f-a9f6-2a45a740c0fd,a0ca57ef-9516-411f-a9f6-2a45a740c0fd,Tranquil Horizons,"a song about the serenity of early morning fishing, techno, ambient,",0.5,0.25,0.0,0.0,0.0,0.0,0.25
https://udio.com/songs/f5e3d294-de4a-4be3-9205-88b28f85047d,f5e3d294-de4a-4be3-9205-88b28f85047d,Shadows of Valor,"epic film score by hanz zimmer, rich orchestration, hybrid electronic, dark, suspenseful",0.4,0.4,0.0,0.2,0.0,0.0,0.0
https://udio.com/songs/115645aa-6751-4e25-8329-75e66bc24490,115645aa-6751-4e25-8329-75e66bc24490,Crumpled Twenty Rhapsody,A house song about finding a 20 in an old jacket,0.3333333333333333,0.0,0.0,0.0,0.0,0.0,0.6666666666666666
https://udio.com/songs/122a5bd5-7657-4161-aac9-3acb5f4b0381,122a5bd5-7657-4161-aac9-3acb5f4b0381,Code the Future,"Train the Trainers _ AI Summer camp , pop, r&b,",0.5,0.0,0.0,0.0,0.0,0.0,0.5
https://udio.com/songs/22c95ed0-8f48-4e40-a66f-7268d33ad8d2,22c95ed0-8f48-4e40-a66f-7268d33ad8d2,Into the Abyss,"escaping from a void where I am judged , pop, dark by billie Eilish",0.4,0.2,0.0,0.0,0.0,0.0,0.4
https://udio.com/songs/523ab434-2e54-4441-9e15-b87bf751c595,523ab434-2e54-4441-9e15-b87bf751c595,Lavish Velocity,"A song about daily driving exotic cars, hip hop, trap",0.6666666666666666,0.0,0.0,0.0,0.0,0.0,0.3333333333333333
https://udio.com/songs/ae81034e-2b91-4d08-8e03-efe033872f33,ae81034e-2b91-4d08-8e03-efe033872f33,Marsch der Entschlossenheit,"screaming powerful dramatic female vocalist, Symphonic, epic, warlike and martial, rhythmic and percussive, grandiose,",0.09090909090909091,0.36363636363636365,0.09090909090909091,0.2727272727272727,0.0,0.18181818181818182,0.0
https://udio.com/songs/ae86cd19-fca5-4ad7-b1e3-e02c71aae639,ae86cd19-fca5-4ad7-b1e3-e02c71aae639,Meow meow water ciao,"punk, bouncy funk pop hit italian folk bombastic feels good",0.42857142857142855,0.14285714285714285,0.0,0.14285714285714285,0.14285714285714285,0.14285714285714285,0.0
https://udio.com/songs/d69d66d4-df72-4002-8a3e-0f990e9a5743,d69d66d4-df72-4002-8a3e-0f990e9a5743,Like a Baby (the Key of Life),"Amazing Grace, gospel, r&b, emotional, buildup, epic ending, orchestra, high violins, brass, film score, triumphant,",0.2727272727272727,0.18181818181818182,0.2727272727272727,0.0,0.0,0.18181818181818182,0.09090909090909091
https://udio.com/songs/7555871e-1973-49c5-b4f5-5d91b57c1641,7555871e-1973-49c5-b4f5-5d91b57c1641,Silhouette Horizons,"psychedelic indie pop, sunset chill vibes, counter culture inspired by tame impala and tyler, the creator",0.3333333333333333,0.3333333333333333,0.0,0.0,0.0,0.0,0.3333333333333333
https://udio.com/songs/75bc4c3d-4d24-4d21-ac0c-59543720b0ee,75bc4c3d-4d24-4d21-ac0c-59543720b0ee,Pulse of Infinity,"Deep Electro House, amazing vocals, amazing voice, Uplifting, Futuristic, electropop, Complextro, 2024",0.3333333333333333,0.1111111111111111,0.2222222222222222,0.1111111111111111,0.0,0.1111111111111111,0.1111111111111111
https://udio.com/songs/0cd8226a-a270-4165-ace6-76a2329b4bd6,0cd8226a-a270-4165-ace6-76a2329b4bd6,Mission for Clean Floors,a country song sung by a man about shopping for a carpet cleaner that will remove cat fur from carpet,0.25,0.0,0.25,0.0,0.0,0.0,0.5
https://udio.com/songs/0d11dd6d-73de-4101-a8e6-82cf77d7e589,0d11dd6d-73de-4101-a8e6-82cf77d7e589,Nickel back,write a slow down temp catchy riff that is heavy and easy to hum and tuned to c standard,0.0,0.0,0.0,0.16666666666666666,0.0,0.8333333333333334,0.0
https://udio.com/songs/20965396-7e93-4354-8212-5614daddebea,20965396-7e93-4354-8212-5614daddebea,Cafe Jive,"A fun 60's cafeteria, fun and upbeat, twist, in the style of: Elvis Presley, Chubby Checker., rock and roll,",0.3333333333333333,0.3333333333333333,0.0,0.0,0.0,0.16666666666666666,0.16666666666666666
https://udio.com/songs/9481c38d-df7b-42cc-b660-ecd1298df738,9481c38d-df7b-42cc-b660-ecd1298df738,Cinematic Dawn Overture,Please Compose a symphony-like piece in style of Anton Bruckner 8th as a Film opening sequence,0.6666666666666666,0.0,0.0,0.0,0.3333333333333333,0.0,0.0
https://udio.com/songs/94894312-0261-4956-89b5-6e48d0f6b008,94894312-0261-4956-89b5-6e48d0f6b008,Begin's Legacy remix v2,"A song about the greatness of menachem begin. hip hop, 1998, east coast hip hop,",0.5,0.0,0.0,0.0,0.0,0.25,0.25
https://udio.com/songs/a6971245-b52e-472d-ac18-74618d96f0bb,a6971245-b52e-472d-ac18-74618d96f0bb,Culver's Lament,"American gothic doom metal, type o negative, rich bass voice",0.5,0.0,0.25,0.25,0.0,0.0,0.0
https://udio.com/songs/2eb94ad9-fe4a-4c6e-91f0-86bfa3334edf,2eb94ad9-fe4a-4c6e-91f0-86bfa3334edf,Foundation Rhymes,A rap about architecture in the style of MF Doom,0.6666666666666666,0.0,0.0,0.0,0.0,0.0,0.3333333333333333
https://udio.com/songs/2ec2f5f9-407c-41ea-a653-dc11db4eea1c,2ec2f5f9-407c-41ea-a653-dc11db4eea1c,Rebasing Blues,The rebasing blues. A song about a common software development issue. Modern electric blues.,0.5,0.0,0.0,0.0,0.0,0.0,0.5
https://udio.com/songs/c21d9593-e7e4-41fe-baf4-4c1cc5b6ac4c,c21d9593-e7e4-41fe-baf4-4c1cc5b6ac4c,Tyrants' Delusion,"Technical Death Metal, Progressive Metal, complex, heavy, male vocalist, melodic, aggressive, angry, energetic, epic, uncommon time signatures, 1995",0.16666666666666666,0.3333333333333333,0.08333333333333333,0.08333333333333333,0.0,0.3333333333333333,0.0
https://udio.com/songs/c243ba53-0eea-4dfd-bfa0-63de83e0d80b,c243ba53-0eea-4dfd-bfa0-63de83e0d80b,Brine and Rebellion,"Happy friendly gay pickle whose catchphrase is “I’m a pickle hear me roar”, heavy metal,",0.16666666666666666,0.3333333333333333,0.0,0.0,0.0,0.0,0.5
https://udio.com/songs/54f0f9eb-f14f-4d8d-befb-b560b504dab8,54f0f9eb-f14f-4d8d-befb-b560b504dab8,Lullaby Dreams,"A song that will sooth my baby to sleep , blues, piano blues,",0.6666666666666666,0.0,0.0,0.0,0.3333333333333333,0.0,0.0
https://udio.com/songs/55300023-5c40-490e-90ff-71c29e0e0904,55300023-5c40-490e-90ff-71c29e0e0904,Clairvoyant Clancy,A big band song about how Eric Clancy is always right about AI,0.3333333333333333,0.0,0.0,0.0,0.0,0.0,0.6666666666666666
https://udio.com/songs/b81b00c3-f3c4-4ba7-8964-20d173a3b82f,b81b00c3-f3c4-4ba7-8964-20d173a3b82f,Chasing Dreams Under Southern Stars,"Male vocalist, Northern american music, Country, Regional music, Contemporary country, Contemporary country, Country pop, Melodic, Introspective, Love, Longing, Passionate, Bittersweet",0.4166666666666667,0.4166666666666667,0.08333333333333333,0.0,0.0,0.08333333333333333,0.0
https://udio.com/songs/6fdab3ec-7a58-4272-8ecf-51401a1d3e44,6fdab3ec-7a58-4272-8ecf-51401a1d3e44,Mango Tree Serenity,"psychedelic indie pop, sunset chill vibes, counter culture mixed with bossa nova",0.5,0.25,0.0,0.0,0.0,0.0,0.25
https://udio.com/songs/12c3b33c-37c3-42e9-b1f1-70081ddf7bd3,12c3b33c-37c3-42e9-b1f1-70081ddf7bd3,Eclipse Prophecies,"A song about April eight 2024 total solar eclipse and biblical conspiracy , hip hop,",0.3333333333333333,0.0,0.0,0.0,0.0,0.0,0.6666666666666666
https://udio.com/songs/ea2b91c4-07d0-45b2-b96b-dd844e7e20d6,ea2b91c4-07d0-45b2-b96b-dd844e7e20d6,Stormbringer's Lament,"guitar, heavy, percussion, male vocalist, bass guitar, heavy metal, alternative metal, electric guitar, passionate, dark, angry,",0.18181818181818182,0.2727272727272727,0.45454545454545453,0.09090909090909091,0.0,0.0,0.0
https://udio.com/songs/6dfa3eea-e6cf-46fb-ab88-fe2754661428,6dfa3eea-e6cf-46fb-ab88-fe2754661428,Silhouette In The Streets,"A song about sexy Annie in Hong Kong , rock, alternative rock, indie rock,",0.6,0.0,0.0,0.0,0.0,0.0,0.4
https://udio.com/songs/7536c885-e926-4f7e-b25c-4660204a1226,7536c885-e926-4f7e-b25c-4660204a1226,Calea Spre Acasă,A romanian song about going home after work. Pop song,0.3333333333333333,0.0,0.0,0.0,0.0,0.0,0.6666666666666666
https://udio.com/songs/754ad4a8-b85d-430a-8fff-2157681562d9,754ad4a8-b85d-430a-8fff-2157681562d9,Synbiotic Harmony,"a jingle about the difference between probiotic, prebiotic, postbiotic and synbiotic",0.0,0.0,0.0,0.0,0.5,0.0,0.5
https://udio.com/songs/754c7a3c-64af-4a19-8dca-4887d96e6213,754c7a3c-64af-4a19-8dca-4887d96e6213,Don't stop til you make it! (Original Version),"compressor effect, electronic music, house music, technopop, chiptune, synthwave / electro, male vocalist, 1980s,",0.6666666666666666,0.0,0.1111111111111111,0.1111111111111111,0.0,0.1111111111111111,0.0
https://udio.com/songs/754e03f6-9cc8-4deb-ba29-8e0ef46dbb40,754e03f6-9cc8-4deb-ba29-8e0ef46dbb40,Alf's Autumn Romance,"A song about a friend named Alf, who is in love again. Being 49 year old",0.0,0.0,0.0,0.0,0.0,0.0,1.0
https://udio.com/songs/89fe259f-467e-4f79-9794-0462b33a172f,89fe259f-467e-4f79-9794-0462b33a172f,Invasive Reveries,A psychedelic tinged post-punk song about destroying Bradford pear trees to protect the biodiversity of our ecosystem,0.2,0.0,0.0,0.2,0.0,0.0,0.6
https://udio.com/songs/5d465d7f-d93d-47f3-9f7c-f9a71a429568,5d465d7f-d93d-47f3-9f7c-f9a71a429568,Algorithmic Elegy,a song about creating a computer vision algorithm in Bach and Beethoven style,0.6666666666666666,0.0,0.0,0.0,0.0,0.0,0.3333333333333333
https://udio.com/songs/4e5af4be-1277-4097-9c2c-5502aebc410a,4e5af4be-1277-4097-9c2c-5502aebc410a,Temblar Azotao,"Upbeat Reggaeton dance party song with a drop and variety, heavy bass, rythmic, Bad Bunny, feid, daddy yankee, 2023",0.09090909090909091,0.09090909090909091,0.0,0.09090909090909091,0.09090909090909091,0.2727272727272727,0.36363636363636365
https://udio.com/songs/4e733c89-a6a1-4094-80b0-489ca4e8b41e,4e733c89-a6a1-4094-80b0-489ca4e8b41e,Glow Doll Lament,"Dream pop, ethereal atmospheric song, about lost love, shoegaze, indie pop, bittersweet,",0.42857142857142855,0.14285714285714285,0.0,0.2857142857142857,0.0,0.0,0.14285714285714285
https://udio.com/songs/e374a9d0-706d-4bf3-af17-87b60ae91c62,e374a9d0-706d-4bf3-af17-87b60ae91c62,Astrid's Roar,"Heavy Metal Metellica-style version of Love Me tender with original lyrics, and sung for Astrid.",0.4,0.0,0.0,0.0,0.0,0.0,0.6
https://udio.com/songs/77c467d4-d021-4b6e-b9a8-757434d848d0,77c467d4-d021-4b6e-b9a8-757434d848d0,Country Jack - Dusty Trails,country song about drinking beer and riding tractor while wearing overalls,0.25,0.0,0.0,0.0,0.0,0.0,0.75
https://udio.com/songs/bc7c0d0b-71ae-4afe-8c04-826ecf85c4c8,bc7c0d0b-71ae-4afe-8c04-826ecf85c4c8,Everyday Essentials,"Create music with k pop i dol newjeans style, and a meowing back groubd sound for a cute touch.",0.6,0.2,0.0,0.0,0.0,0.0,0.2
https://udio.com/songs/bc812733-b45b-4d2b-9c0d-b0942195677a,bc812733-b45b-4d2b-9c0d-b0942195677a,Electrify the Streets,A big beat prodigy like song with the lyrics ‘it’s big old Ty in his EV automobile’,0.6666666666666666,0.0,0.0,0.0,0.0,0.0,0.3333333333333333
https://udio.com/songs/fb21d861-9397-4126-84df-60917fece784,fb21d861-9397-4126-84df-60917fece784,Silicon Heartbeat,"A song about the love between a human and an artificial intelligence, rock ballad",0.5,0.0,0.0,0.0,0.0,0.0,0.5
https://udio.com/songs/43d604bc-f7ba-45f9-aa36-d2d25d4dd236,43d604bc-f7ba-45f9-aa36-d2d25d4dd236,Stars Over Loveland,"Lara my mother in law, smoking benson hedges in Loveland Colorado. Loves coors light and Taylor’s port. , country, oldies,",0.25,0.0,0.0,0.0,0.0,0.0,0.75
https://udio.com/songs/43eef8c0-03fb-483c-8016-de25f209881c,43eef8c0-03fb-483c-8016-de25f209881c,The Remenace,"A song about a smooth trombone solo, classical, orchestral, symphony, modern classical,",0.5714285714285714,0.0,0.14285714285714285,0.14285714285714285,0.0,0.14285714285714285,0.0
https://udio.com/songs/81a13b0e-aa23-4618-9ac1-6989da96271b,81a13b0e-aa23-4618-9ac1-6989da96271b,Lonely Hearts Dance,"hip hop, rap rock, pop, soul, funk, dance-pop, on life and loneliness with a catchy hook",0.6666666666666666,0.1111111111111111,0.0,0.0,0.0,0.1111111111111111,0.1111111111111111
https://udio.com/songs/246bf3fe-a489-4545-a32b-0e150d16dee5,246bf3fe-a489-4545-a32b-0e150d16dee5,인공의 밤,"synth-pop, 10s beautiful korean idol singer sings. Talks about we are doomed by AGI soon inkorean.",0.2857142857142857,0.14285714285714285,0.14285714285714285,0.0,0.0,0.14285714285714285,0.2857142857142857
https://udio.com/songs/d8545371-3d1e-4271-86aa-72ba18a1b55a,d8545371-3d1e-4271-86aa-72ba18a1b55a,Pace of Shadows,"A song about fear of the speed of change future shock, acoustic guitar, lo-fi, female vocalist, Tracy Chapman",0.14285714285714285,0.14285714285714285,0.2857142857142857,0.0,0.0,0.0,0.42857142857142855
https://udio.com/songs/84deb4de-d0fb-4e1d-a53b-c854fe3c1394,84deb4de-d0fb-4e1d-a53b-c854fe3c1394,Nocturne Grooves,"Cool Jazz, Hard Bop, instrumental, acoustic, improvisation, mellow, energetic, nocturnal, soothing, playful, melodic, piano blues, piano jazz, piano",0.2857142857142857,0.35714285714285715,0.14285714285714285,0.07142857142857142,0.0,0.14285714285714285,0.0
https://udio.com/songs/8b332c1e-f10e-4afc-a485-4b919b7e8f4f,8b332c1e-f10e-4afc-a485-4b919b7e8f4f,summer slips away[tease],"synthwave, saxophone, 2024, ambient, beautiful, electronic dance music, synthesizer, melancholic, melodic, male vocalist, about summer fading away,",0.2727272727272727,0.18181818181818182,0.2727272727272727,0.0,0.0,0.18181818181818182,0.09090909090909091
https://udio.com/songs/8b21762a-c0c3-449e-8d46-e55c476190e3,8b21762a-c0c3-449e-8d46-e55c476190e3,Crowdstrike BSOD Blues,old country song about crowdstrike making all the computer go blue screen of death,0.25,0.0,0.0,0.0,0.0,0.0,0.75
